date,volume_usd,revenue_observed_usd,revenue_estimated_usd,revenue_blended_usd,revenue_100_usd,revenue_50_usd
2023-02-26,933785.0,,249.3578694298208,249.3578694298208,249.3578694298208,124.6789347149104
2023-02-27,3707117.0,,989.9482181091674,989.9482181091674,989.9482181091674,494.9741090545837
2023-02-28,3725949.0,,994.9771138368803,994.9771138368803,994.9771138368803,497.48855691844017
2023-03-01,3994405.0,,1066.6655819485463,1066.6655819485463,1066.6655819485463,533.3327909742732
2023-03-02,3750799.0,,1001.6130557885406,1001.6130557885406,1001.6130557885406,500.8065278942703
2023-03-03,3408983.0,,910.3345393238045,910.3345393238045,910.3345393238045,455.16726966190225
2023-03-04,3008999.0,,803.5228449337495,803.5228449337495,803.5228449337495,401.76142246687476
2023-03-05,6065521.0,,1619.7362278702656,1619.7362278702656,1619.7362278702656,809.8681139351328
2023-03-06,16965046.0,,4530.344485442477,4530.344485442477,4530.344485442477,2265.1722427212385
2023-03-07,19553976.0,,5221.692139241741,5221.692139241741,5221.692139241741,2610.8460696208704
2023-03-08,24263150.0,,6479.2295760331945,6479.2295760331945,6479.2295760331945,3239.6147880165972
2023-03-09,33434864.0,,8928.443326585686,8928.443326585686,8928.443326585686,4464.221663292843
2023-03-10,49735928.0,,13281.478113478977,13281.478113478977,13281.478113478977,6640.739056739489
2023-03-11,38088738.0,,10171.213455935416,10171.213455935416,10171.213455935416,5085.606727967708
2023-03-12,37089366.0,,9904.341239431811,9904.341239431811,9904.341239431811,4952.170619715906
2023-03-13,69257959.0,,18494.639662553887,18494.639662553887,18494.639662553887,9247.319831276944
2023-03-14,76589851.0,,20452.54749787952,20452.54749787952,20452.54749787952,10226.27374893976
2023-03-15,78316645.0,,20913.67042530307,20913.67042530307,20913.67042530307,10456.835212651535
2023-03-16,65930111.0,,17605.971406942273,17605.971406942273,17605.971406942273,8802.985703471137
2023-03-17,71527554.0,,19100.712124275346,19100.712124275346,19100.712124275346,9550.356062137673
2023-03-18,66357230.0,,17720.02922949564,17720.02922949564,17720.02922949564,8860.01461474782
2023-03-19,63589768.0,,16981.00640513244,16981.00640513244,16981.00640513244,8490.50320256622
2023-03-20,79368277.0,,21194.49814789898,21194.49814789898,21194.49814789898,10597.24907394949
2023-03-21,73615170.0,,19658.188928837,19658.188928837,19658.188928837,9829.0944644185
2023-03-22,60194284.0,,16074.276637655938,16074.276637655938,16074.276637655938,8037.138318827969
2023-03-23,51352938.0,,13713.28433059182,13713.28433059182,13713.28433059182,6856.64216529591
2023-03-24,55064429.0,,14704.400581300446,14704.400581300446,14704.400581300446,7352.200290650223
2023-03-25,33809736.0,,9028.549114565678,9028.549114565678,9028.549114565678,4514.274557282839
2023-03-26,31567371.0,,8429.748149799698,8429.748149799698,8429.748149799698,4214.874074899849
2023-03-27,36369911.0,,9712.218035535163,9712.218035535163,9712.218035535163,4856.1090177675815
2023-03-28,40991824.0,,10946.45330207938,10946.45330207938,10946.45330207938,5473.22665103969
2023-03-29,36304141.0,,9694.654820156464,9694.654820156464,9694.654820156464,4847.327410078232
2023-03-30,44688075.0,,11933.499864444211,11933.499864444211,11933.499864444211,5966.749932222106
2023-03-31,42192915.0,,11267.192543715659,11267.192543715659,11267.192543715659,5633.596271857829
2023-04-01,25593770.0,,6834.558231152636,6834.558231152636,6834.558231152636,3417.279115576318
2023-04-02,32241625.0,,8609.800882382182,8609.800882382182,8609.800882382182,4304.900441191091
2023-04-03,52008103.0,,13888.239538187774,13888.239538187774,13888.239538187774,6944.119769093887
2023-04-04,48049863.0,,12831.231454858213,12831.231454858213,12831.231454858213,6415.615727429106
2023-04-05,44664434.0,,11927.186773752896,11927.186773752896,11927.186773752896,5963.593386876448
2023-04-06,36661146.0,,9789.989405929198,9789.989405929198,9789.989405929198,4894.994702964599
2023-04-07,28418363.0,,7588.8373130466325,7588.8373130466325,7588.8373130466325,3794.4186565233163
2023-04-08,15019512.0,,4010.8092464492643,4010.8092464492643,4010.8092464492643,2005.4046232246321
2023-04-09,23838132.0,,6365.732804346646,6365.732804346646,6365.732804346646,3182.866402173323
2023-04-10,32060363.0,,8561.396692843275,8561.396692843275,8561.396692843275,4280.698346421637
2023-04-11,44781404.0,,11958.422432911275,11958.422432911275,11958.422432911275,5979.211216455637
2023-04-12,107030839.0,,28581.506424204897,28581.506424204897,28581.506424204897,14290.753212102449
2023-04-13,67612894.0,,18055.341640553568,18055.341640553568,18055.341640553568,9027.670820276784
2023-04-14,137227474.0,,36645.21334555184,36645.21334555184,36645.21334555184,18322.60667277592
2023-04-15,60420521.0,,16134.69094748764,16134.69094748764,16134.69094748764,8067.34547374382
2023-04-16,59162365.0,,15798.713072955123,15798.713072955123,15798.713072955123,7899.356536477561
2023-04-17,79179116.0,,21143.98461005117,21143.98461005117,21143.98461005117,10571.992305025586
2023-04-18,48911977.0,,13061.450306355742,13061.450306355742,13061.450306355742,6530.725153177871
2023-04-19,71412159.0,,19069.897052987144,19069.897052987144,19069.897052987144,9534.948526493572
2023-04-20,82987553.0,,22160.98931260872,22160.98931260872,22160.98931260872,11080.49465630436
2023-04-21,67808466.0,,18107.567171312927,18107.567171312927,18107.567171312927,9053.783585656463
2023-04-22,37339164.0,,9971.047276761423,9971.047276761423,9971.047276761423,4985.523638380711
2023-04-23,42435511.0,,11331.975359558917,11331.975359558917,11331.975359558917,5665.987679779459
2023-04-24,58770585.0,,15694.092174048827,15694.092174048827,15694.092174048827,7847.046087024413
2023-04-25,61615875.0,,16453.89818111681,16453.89818111681,16453.89818111681,8226.949090558404
2023-04-26,81418919.0,,21742.101418548333,21742.101418548333,21742.101418548333,10871.050709274166
2023-04-27,77778415.0,,20769.94153046838,20769.94153046838,20769.94153046838,10384.97076523419
2023-04-28,52167961.0,,13930.928005330974,13930.928005330974,13930.928005330974,6965.464002665487
2023-04-29,29218960.0,,7802.628669934896,7802.628669934896,7802.628669934896,3901.314334967448
2023-04-30,40284520.0,,10757.574900221147,10757.574900221147,10757.574900221147,5378.787450110573
2023-05-01,46036487.0,,12293.579693777092,12293.579693777092,12293.579693777092,6146.789846888546
2023-05-02,38735244.0,,10343.856364885118,10343.856364885118,10343.856364885118,5171.928182442559
2023-05-03,57234746.0,,15283.96185408521,15283.96185408521,15283.96185408521,7641.980927042605
2023-05-04,47385932.0,,12653.935375344823,12653.935375344823,12653.935375344823,6326.967687672412
2023-05-05,101533494.0,,27113.49586854093,27113.49586854093,27113.49586854093,13556.747934270465
2023-05-06,96072017.0,,25655.06350064043,25655.06350064043,25655.06350064043,12827.531750320215
2023-05-07,101071648.0,,26990.164550770045,26990.164550770045,26990.164550770045,13495.082275385023
2023-05-08,140129570.0,,37420.188822177406,37420.188822177406,37420.188822177406,18710.094411088703
2023-05-09,111689670.0,,29825.60027042603,29825.60027042603,29825.60027042603,14912.800135213016
2023-05-10,162421897.0,,43373.129986741915,43373.129986741915,43373.129986741915,21686.564993370957
2023-05-11,174601497.0,,46625.5693667999,46625.5693667999,46625.5693667999,23312.78468339995
2023-05-12,261364317.0,,69794.7056679003,69794.7056679003,69794.7056679003,34897.35283395015
2023-05-13,121840973.0,,32536.403386792805,32536.403386792805,32536.403386792805,16268.201693396402
2023-05-14,87994874.0,,23498.143899704464,23498.143899704464,23498.143899704464,11749.071949852232
2023-05-15,151995243.0,,40588.79716203182,40588.79716203182,40588.79716203182,20294.39858101591
2023-05-16,213273581.0,,56952.55949049118,56952.55949049118,56952.55949049118,28476.27974524559
2023-05-17,263310272.0,,70314.35333069881,70314.35333069881,70314.35333069881,35157.176665349405
2023-05-18,266227996.0,,71093.5021071562,71093.5021071562,71093.5021071562,35546.7510535781
2023-05-19,209821683.0,,56030.76493310478,56030.76493310478,56030.76493310478,28015.38246655239
2023-05-20,149043321.0,,39800.51615447332,39800.51615447332,39800.51615447332,19900.25807723666
2023-05-21,174894921.0,,46703.925287573504,46703.925287573504,46703.925287573504,23351.962643786752
2023-05-22,203823057.0,,54428.892340520484,54428.892340520484,54428.892340520484,27214.446170260242
2023-05-23,239311403.0,,63905.697331121424,63905.697331121424,63905.697331121424,31952.848665560712
2023-05-24,469012694.0,,125245.1111459067,125245.1111459067,125245.1111459067,62622.55557295335
2023-05-25,653150383.0,,174417.22443833583,174417.22443833583,174417.22443833583,87208.61221916792
2023-05-26,634457776.0,,169425.55220585305,169425.55220585305,169425.55220585305,84712.77610292652
2023-05-27,630675686.0,,168415.58320400375,168415.58320400375,168415.58320400375,84207.79160200187
2023-05-28,1049910995.0,,280368.1455625687,280368.1455625687,280368.1455625687,140184.07278128434
2023-05-29,1648246186.0,,440147.52564753994,440147.52564753994,440147.52564753994,220073.76282376997
2023-05-30,784373270.0,,209458.97336635474,209458.97336635474,209458.97336635474,104729.48668317737
2023-05-31,690443456.0,,184375.96357825646,184375.96357825646,184375.96357825646,92187.98178912823
2023-06-01,689216992.0,,184048.44873279164,184048.44873279164,184048.44873279164,92024.22436639582
2023-06-02,835218505.0,,223036.68072967557,223036.68072967557,223036.68072967557,111518.34036483779
2023-06-03,358656867.0,,95775.70020025445,95775.70020025445,95775.70020025445,47887.85010012722
2023-06-04,434495934.0,,116027.75840065972,116027.75840065972,116027.75840065972,58013.87920032986
2023-06-05,1129335074.0,,301577.545071948,301577.545071948,301577.545071948,150788.772535974
2023-06-06,1731034066.0,,462255.19429868733,462255.19429868733,462255.19429868733,231127.59714934367
2023-06-07,1220231224.0,,325850.44547554565,325850.44547554565,325850.44547554565,162925.22273777283
2023-06-08,1747160768.0,,466561.667471473,466561.667471473,466561.667471473,233280.8337357365
2023-06-09,1921328869.0,,513071.50280615693,513071.50280615693,513071.50280615693,256535.75140307847
2023-06-10,3611610615.0,,964444.2009311831,964444.2009311831,964444.2009311831,482222.10046559153
2023-06-11,2033231147.0,,542953.8778993781,542953.8778993781,542953.8778993781,271476.93894968904
2023-06-12,2390029917.0,,638233.392029912,638233.392029912,638233.392029912,319116.696014956
2023-06-13,522413706.0,,139505.31298863955,139505.31298863955,139505.31298863955,69752.65649431977
2023-06-14,67594710.0,,18050.48578669244,18050.48578669244,18050.48578669244,9025.24289334622
2023-06-15,97948023.0,,26156.031988244707,26156.031988244707,26156.031988244707,13078.015994122354
2023-06-16,16879156.0,,4507.408426922231,4507.408426922231,4507.408426922231,2253.7042134611156
2023-06-17,9934203.0,,2652.8287502619273,2652.8287502619273,2652.8287502619273,1326.4143751309637
2023-06-18,9468632.0,,2528.5027087980884,2528.5027087980884,2528.5027087980884,1264.2513543990442
2023-06-19,17678048.0,,4720.744480751034,4720.744480751034,4720.744480751034,2360.372240375517
2023-06-20,29048340.0,,7757.066319198788,7757.066319198788,7757.066319198788,3878.533159599394
2023-06-21,62931085.0,,16805.11175110647,16805.11175110647,16805.11175110647,8402.555875553235
2023-06-22,42600653.0,,11376.074865626566,11376.074865626566,11376.074865626566,5688.037432813283
2023-06-23,48699936.0,,13004.826895193892,13004.826895193892,13004.826895193892,6502.413447596946
2023-06-24,33119579.0,,8844.249646174048,8844.249646174048,8844.249646174048,4422.124823087024
2023-06-25,36578443.0,,9767.904403626255,9767.904403626255,9767.904403626255,4883.952201813127
2023-06-26,33150061.0,,8852.389556941474,8852.389556941474,8852.389556941474,4426.194778470737
2023-06-27,39510935.0,,10550.996825586335,10550.996825586335,10550.996825586335,5275.4984127931675
2023-06-28,35413028.0,,9456.692078089269,9456.692078089269,9456.692078089269,4728.346039044634
2023-06-29,35390897.0,,9450.782217673486,9450.782217673486,9450.782217673486,4725.391108836743
2023-06-30,39086569.0,,10437.674163926044,10437.674163926044,10437.674163926044,5218.837081963022
2023-07-01,36651304.0,,9787.361199060457,9787.361199060457,9787.361199060457,4893.680599530228
2023-07-02,40343065.0,,10773.20875219539,10773.20875219539,10773.20875219539,5386.604376097695
2023-07-03,27061348.0,,7226.460139302882,7226.460139302882,7226.460139302882,3613.230069651441
2023-07-04,27624319.0,,7376.795868738219,7376.795868738219,7376.795868738219,3688.3979343691094
2023-07-05,50915069.0,,13596.355828924556,13596.355828924556,13596.355828924556,6798.177914462278
2023-07-06,50223244.0,,13411.610937950418,13411.610937950418,13411.610937950418,6705.805468975209
2023-07-07,53300854.0,,14233.455658668689,14233.455658668689,14233.455658668689,7116.727829334344
2023-07-08,62441572.0,,16674.392239936125,16674.392239936125,16674.392239936125,8337.196119968063
2023-07-09,58613164.0,,15652.054483184751,15652.054483184751,15652.054483184751,7826.0272415923755
2023-07-10,96687725.0,,25819.48211420875,25819.48211420875,25819.48211420875,12909.741057104375
2023-07-11,65743655.0,,17556.1802120715,17556.1802120715,17556.1802120715,8778.09010603575
2023-07-12,50496659.0,,13484.623657013322,13484.623657013322,13484.623657013322,6742.311828506661
2023-07-13,32560465.0,,8694.943889700788,8694.943889700788,8694.943889700788,4347.471944850394
2023-07-14,55590451.0,,14844.86945282142,14844.86945282142,14844.86945282142,7422.43472641071
2023-07-15,31850295.0,,8505.300151438794,8505.300151438794,8505.300151438794,4252.650075719397
2023-07-16,26949231.0,,7196.52042486448,7196.52042486448,7196.52042486448,3598.26021243224
2023-07-17,55501081.0,,14821.004095388025,14821.004095388025,14821.004095388025,7410.502047694013
2023-07-18,54580517.0,,14575.176760708422,14575.176760708422,14575.176760708422,7287.588380354211
2023-07-19,46421016.0,,12396.264286241074,12396.264286241074,12396.264286241074,6198.132143120537
2023-07-20,49594899.0,,13243.81774094374,13243.81774094374,13243.81774094374,6621.90887047187
2023-07-21,39138392.0,,10451.512973574369,10451.512973574369,10451.512973574369,5225.756486787184
2023-07-22,27909323.0,,7452.903313405864,7452.903313405864,7452.903313405864,3726.451656702932
2023-07-23,26400795.0,,7050.066120631051,7050.066120631051,7050.066120631051,3525.0330603155253
2023-07-24,54456779.0,,14542.133775387918,14542.133775387918,14542.133775387918,7271.066887693959
2023-07-25,38987081.0,,10411.106896606656,10411.106896606656,10411.106896606656,5205.553448303328
2023-07-26,54842067.0,,14645.021051149337,14645.021051149337,14645.021051149337,7322.5105255746685
2023-07-27,47719929.0,,12743.125906694066,12743.125906694066,12743.125906694066,6371.562953347033
2023-07-28,36129170.0,,9647.930578739,9647.930578739,9647.930578739,4823.9652893695
2023-07-29,23324912.0,,6228.682577850426,6228.682577850426,6228.682577850426,3114.341288925213
2023-07-30,39341786.0,,10505.827290568976,10505.827290568976,10505.827290568976,5252.913645284488
2023-07-31,51382690.0,,13721.229302219417,13721.229302219417,13721.229302219417,6860.614651109709
2023-08-01,74496023.0,,19893.41184134991,19893.41184134991,19893.41184134991,9946.705920674955
2023-08-02,68719258.0,,18350.78499191802,18350.78499191802,18350.78499191802,9175.39249595901
2023-08-03,91651047.0,,24474.48803625285,24474.48803625285,24474.48803625285,12237.244018126425
2023-08-04,60199124.0,,16075.569110856986,16075.569110856986,16075.569110856986,8037.784555428493
2023-08-05,37639404.0,,10051.223341613191,10051.223341613191,10051.223341613191,5025.611670806596
2023-08-06,37894324.0,,10119.297157400604,10119.297157400604,10119.297157400604,5059.648578700302
2023-08-07,62734270.0,,16752.554289729567,16752.554289729567,16752.554289729567,8376.277144864784
2023-08-08,56369950.0,,15053.026801528753,15053.026801528753,15053.026801528753,7526.5134007643765
2023-08-09,46922973.0,,12530.306842145683,12530.306842145683,12530.306842145683,6265.153421072841
2023-08-10,39841296.0,,10639.216399795287,10639.216399795287,10639.216399795287,5319.608199897643
2023-08-11,28629768.0,,7645.290886820908,7645.290886820908,7645.290886820908,3822.645443410454
2023-08-12,32349494.0,,8638.606211250739,8638.606211250739,8638.606211250739,4319.303105625369
2023-08-13,28892164.0,,7715.361093032088,7715.361093032088,7715.361093032088,3857.680546516044
2023-08-14,39489758.0,,10545.341721251916,10545.341721251916,10545.341721251916,5272.670860625958
2023-08-15,51237936.0,,13682.574205991223,13682.574205991223,13682.574205991223,6841.287102995611
2023-08-16,114183090.0,,30491.44294169801,30491.44294169801,30491.44294169801,15245.721470849005
2023-08-17,159676245.0,,42639.93130298096,42639.93130298096,42639.93130298096,21319.96565149048
2023-08-18,232106431.0,,61981.68220213401,61981.68220213401,61981.68220213401,30990.841101067006
2023-08-19,111590053.0,,29798.998554957278,29798.998554957278,29798.998554957278,14899.499277478639
2023-08-20,71202532.0,,19013.918276186312,19013.918276186312,19013.918276186312,9506.959138093156
2023-08-21,55078379.0,,14708.125788150573,14708.125788150573,14708.125788150573,7354.062894075287
2023-08-22,49355559.0,,13179.904407072096,13179.904407072096,13179.904407072096,6589.952203536048
2023-08-23,41996684.0,,11214.79103365062,11214.79103365062,11214.79103365062,5607.39551682531
2023-08-24,37356876.0,,9975.777087781455,9975.777087781455,9975.777087781455,4987.888543890727
2023-08-25,43584323.0,,11638.754021344457,11638.754021344457,11638.754021344457,5819.377010672229
2023-08-26,19924757.0,,5320.705466918946,5320.705466918946,5320.705466918946,2660.352733459473
2023-08-27,25077876.0,,6696.793939916829,6696.793939916829,6696.793939916829,3348.3969699584145
2023-08-28,38558340.0,,10296.615935306989,10296.615935306989,10296.615935306989,5148.307967653494
2023-08-29,62234996.0,,16619.228201923805,16619.228201923805,16619.228201923805,8309.614100961902
2023-08-30,44384671.0,,11852.478885293245,11852.478885293245,11852.478885293245,5926.239442646623
2023-08-31,60537906.0,,16166.037428211808,16166.037428211808,16166.037428211808,8083.018714105904
2023-09-01,61474577.0,,16416.16597484374,16416.16597484374,16416.16597484374,8208.08298742187
2023-09-02,72667399.0,,19405.096239120023,19405.096239120023,19405.096239120023,9702.548119560011
2023-09-03,38717787.0,,10339.194649044066,10339.194649044066,10339.194649044066,5169.597324522033
2023-09-04,60507398.0,,16157.890574406527,16157.890574406527,16157.890574406527,8078.945287203263
2023-09-05,62891469.0,,16794.532697731942,16794.532697731942,16794.532697731942,8397.266348865971
2023-09-06,57272518.0,,15294.048485851734,15294.048485851734,15294.048485851734,7647.024242925867
2023-09-07,61613054.0,,16453.14486150934,16453.14486150934,16453.14486150934,8226.57243075467
2023-09-08,34597416.0,,9238.891116838664,9238.891116838664,9238.891116838664,4619.445558419332
2023-09-09,20155649.0,,5382.362847566943,5382.362847566943,5382.362847566943,2691.1814237834715
2023-09-10,40168389.0,,10726.563287553612,10726.563287553612,10726.563287553612,5363.281643776806
2023-09-11,83929462.0,,22412.51661432889,22412.51661432889,22412.51661432889,11206.258307164446
2023-09-12,77140211.0,,20599.51558691436,20599.51558691436,20599.51558691436,10299.75779345718
2023-09-13,57248498.0,,15287.634187031657,15287.634187031657,15287.634187031657,7643.817093515829
2023-09-14,48697351.0,,13004.13659700697,13004.13659700697,13004.13659700697,6502.068298503485
2023-09-15,45887082.0,,12253.68259489227,12253.68259489227,12253.68259489227,6126.841297446135
2023-09-16,38866272.0,,10378.84607120472,10378.84607120472,10378.84607120472,5189.42303560236
2023-09-17,46617558.0,,12448.748845720478,12448.748845720478,12448.748845720478,6224.374422860239
2023-09-18,71401300.0,,19066.997266522234,19066.997266522234,19066.997266522234,9533.498633261117
2023-09-19,32179156.0,,8593.119165771386,8593.119165771386,8593.119165771386,4296.559582885693
2023-09-20,38406047.0,,10255.94762514022,10255.94762514022,10255.94762514022,5127.97381257011
2023-09-21,63207185.0,,16878.841472348053,16878.841472348053,16878.841472348053,8439.420736174026
2023-09-22,31725375.0,,8471.941524935719,8471.941524935719,8471.941524935719,4235.9707624678595
2023-09-23,27864372.0,,7440.899602071091,7440.899602071091,7440.899602071091,3720.4498010355455
2023-09-24,20442971.0,,5459.089290763519,5459.089290763519,5459.089290763519,2729.5446453817594
2023-09-25,34748310.0,,9279.185838160749,9279.185838160749,9279.185838160749,4639.5929190803745
2023-09-26,27909234.0,,7452.8795468532,7452.8795468532,7452.8795468532,3726.4397734266
2023-09-27,37192907.0,,9931.990819537117,9931.990819537117,9931.990819537117,4965.995409768559
2023-09-28,33019950.0,,8817.644726226285,8817.644726226285,8817.644726226285,4408.822363113142
2023-09-29,25881533.0,,6911.402438952861,6911.402438952861,6911.402438952861,3455.7012194764307
2023-09-30,16937685.0,,4523.038006257794,4523.038006257794,4523.038006257794,2261.519003128897
2023-10-01,20355716.0,,5435.7887227557885,5435.7887227557885,5435.7887227557885,2717.8943613778943
2023-10-02,23001991.0,,6142.44978062821,6142.44978062821,6142.44978062821,3071.224890314105
2023-10-03,22481410.0,,6003.4338732987435,6003.4338732987435,6003.4338732987435,3001.7169366493717
2023-10-04,26066505.0,,6960.7973465859595,6960.7973465859595,6960.7973465859595,3480.3986732929798
2023-10-05,24441954.0,,6526.97738145471,6526.97738145471,6526.97738145471,3263.488690727355
2023-10-06,73054793.0,,19508.545900947847,19508.545900947847,19508.545900947847,9754.272950473924
2023-10-07,18545038.0,,4952.265418886644,4952.265418886644,4952.265418886644,2476.132709443322
2023-10-08,16957118.0,,4528.227392975968,4528.227392975968,4528.227392975968,2264.113696487984
2023-10-09,24400913.0,,6516.017796197643,6516.017796197643,6516.017796197643,3258.0088980988216
2023-10-10,20309137.0,,5423.3502704352095,5423.3502704352095,5423.3502704352095,2711.6751352176047
2023-10-11,27510483.0,,7346.39711268151,7346.39711268151,7346.39711268151,3673.198556340755
2023-10-12,23138901.0,,6179.01021574297,6179.01021574297,6179.01021574297,3089.505107871485
2023-10-13,42638418.0,,11386.159628113666,11386.159628113666,11386.159628113666,5693.079814056833
2023-10-14,24333225.0,,6497.942398257041,6497.942398257041,6497.942398257041,3248.9711991285203
2023-10-15,29165551.0,,7788.3663349773005,7788.3663349773005,7788.3663349773005,3894.1831674886503
2023-10-16,35959804.0,,9602.70309605953,9602.70309605953,9602.70309605953,4801.351548029765
2023-10-17,18796068.0,,5019.300449394703,5019.300449394703,5019.300449394703,2509.6502246973514
2023-10-18,21993155.0,,5873.050298344705,5873.050298344705,5873.050298344705,2936.5251491723525
2023-10-19,27821470.0,,7429.443055527425,7429.443055527425,7429.443055527425,3714.7215277637124
2023-10-20,28236677.0,,7540.319898582676,7540.319898582676,7540.319898582676,3770.159949291338
2023-10-21,28300138.0,,7557.266518791702,7557.266518791702,7557.266518791702,3778.633259395851
2023-10-22,76568552.0,,20446.859814675157,20446.859814675157,20446.859814675157,10223.429907337579
2023-10-23,138067135.0,,36869.43634978013,36869.43634978013,36869.43634978013,18434.718174890066
2023-10-24,157137120.0,,41961.88357227636,41961.88357227636,41961.88357227636,20980.94178613818
2023-10-25,173145507.0,,46236.76191721448,46236.76191721448,46236.76191721448,23118.38095860724
2023-10-26,155302838.0,,41472.05705819285,41472.05705819285,41472.05705819285,20736.028529096424
2023-10-27,121115266.0,,32342.6106493315,32342.6106493315,32342.6106493315,16171.30532466575
2023-10-28,50276885.0,,13425.935226168887,13425.935226168887,13425.935226168887,6712.967613084444
2023-10-29,50713563.0,,13542.545683294324,13542.545683294324,13542.545683294324,6771.272841647162
2023-10-30,73011656.0,,19497.02660002355,19497.02660002355,19497.02660002355,9748.513300011775
2023-10-31,87595924.0,,23391.60832458918,23391.60832458918,23391.60832458918,11695.80416229459
2023-11-01,102967830.0,,27496.520835751253,27496.520835751253,27496.520835751253,13748.260417875626
2023-11-02,132745225.0,,35448.27394205538,35448.27394205538,35448.27394205538,17724.13697102769
2023-11-03,67745591.0,,18090.777036495598,18090.777036495598,18090.777036495598,9045.388518247799
2023-11-04,59672735.0,,15935.002235686263,15935.002235686263,15935.002235686263,7967.501117843131
2023-11-05,73048726.0,,19506.92576976794,19506.92576976794,19506.92576976794,9753.46288488397
2023-11-06,192608765.0,,51434.22872921394,51434.22872921394,51434.22872921394,25717.11436460697
2023-11-07,161257905.0,,43062.297659007636,43062.297659007636,43062.297659007636,21531.148829503818
2023-11-08,99319238.0,,26522.20112881798,26522.20112881798,26522.20112881798,13261.10056440899
2023-11-09,243243155.0,,64955.632061114346,64955.632061114346,64955.632061114346,32477.816030557173
2023-11-10,132176720.0,,35296.4604137162,35296.4604137162,35296.4604137162,17648.2302068581
2023-11-11,125827652.0,,33601.00581833819,33601.00581833819,33601.00581833819,16800.502909169096
2023-11-12,123200735.0,,32899.51411919013,32899.51411919013,32899.51411919013,16449.757059595064
2023-11-13,134781730.0,,35992.10206939002,35992.10206939002,35992.10206939002,17996.05103469501
2023-11-14,126553809.0,,33794.91872376241,33794.91872376241,33794.91872376241,16897.459361881203
2023-11-15,120826790.0,,32265.576042070043,32265.576042070043,32265.576042070043,16132.788021035021
2023-11-16,156503238.0,,41792.611775246085,41792.611775246085,41792.611775246085,20896.305887623043
2023-11-17,131408891.0,,35091.419420846934,35091.419420846934,35091.419420846934,17545.709710423467
2023-11-18,75438762.0,,20145.160786201668,20145.160786201668,20145.160786201668,10072.580393100834
2023-11-19,79739489.0,,21293.626569780656,21293.626569780656,21293.626569780656,10646.813284890328
2023-11-20,136051394.0,,36331.15303929395,36331.15303929395,36331.15303929395,18165.576519646977
2023-11-21,413102781.0,,110314.93258693794,110314.93258693794,110314.93258693794,55157.46629346897
2023-11-22,142061425.0,,37936.071222138155,37936.071222138155,37936.071222138155,18968.035611069077
2023-11-23,96448300.0,,25755.546081944114,25755.546081944114,25755.546081944114,12877.773040972057
2023-11-24,132520292.0,,35388.207852276195,35388.207852276195,35388.207852276195,17694.103926138097
2023-11-25,83682245.0,,22346.499807026536,22346.499807026536,22346.499807026536,11173.249903513268
2023-11-26,128799632.0,,34394.643112563346,34394.643112563346,34394.643112563346,17197.321556281673
2023-11-27,127106148.0,,33942.415284794115,33942.415284794115,33942.415284794115,16971.207642397057
2023-11-28,132893063.0,,35487.75258938936,35487.75258938936,35487.75258938936,17743.87629469468
2023-11-29,113597073.0,,30334.95301032231,30334.95301032231,30334.95301032231,15167.476505161156
2023-11-30,106740709.0,,28504.03013291978,28504.03013291978,28504.03013291978,14252.01506645989
2023-12-01,143874682.0,,38420.28322195472,38420.28322195472,38420.28322195472,19210.14161097736
2023-12-02,209746312.0,,56010.637867477475,56010.637867477475,56010.637867477475,28005.318933738738
2023-12-03,221991640.0,,59280.62924723762,59280.62924723762,59280.62924723762,29640.31462361881
2023-12-04,400950187.0,,107069.7048868939,107069.7048868939,107069.7048868939,53534.85244344695
2023-12-05,373770782.0,,99811.71881604225,99811.71881604225,99811.71881604225,49905.859408021126
2023-12-06,350438179.0,,93580.98243418577,93580.98243418577,93580.98243418577,46790.49121709289
2023-12-07,374814845.0,,100090.52531350205,100090.52531350205,100090.52531350205,50045.26265675102
2023-12-08,283419423.0,,75684.29935617851,75684.29935617851,75684.29935617851,37842.149678089256
2023-12-09,409090669.0,,109243.53852916896,109243.53852916896,109243.53852916896,54621.76926458448
2023-12-10,229018089.0,,61156.97160902036,61156.97160902036,61156.97160902036,30578.48580451018
2023-12-11,1004282165.0,,268183.4265604692,268183.4265604692,268183.4265604692,134091.7132802346
2023-12-12,376235661.0,,100469.93990102681,100469.93990102681,100469.93990102681,50234.969950513405
2023-12-13,393869682.0,,105178.9274153269,105178.9274153269,105178.9274153269,52589.46370766345
2023-12-14,449504693.0,,120035.69616687532,120035.69616687532,120035.69616687532,60017.84808343766
2023-12-15,285519423.0,,76245.08318307938,76245.08318307938,76245.08318307938,38122.54159153969
2023-12-16,215253595.0,,57481.30226584227,57481.30226584227,57481.30226584227,28740.651132921135
2023-12-17,209382475.0,,55913.47886498789,55913.47886498789,55913.47886498789,27956.739432493945
2023-12-18,369276038.0,,98611.44274877572,98611.44274877572,98611.44274877572,49305.72137438786
2023-12-19,252931006.0,,67542.67499360262,67542.67499360262,67542.67499360262,33771.33749680131
2023-12-20,350071423.0,,93483.0439421768,93483.0439421768,93483.0439421768,46741.5219710884
2023-12-21,255873375.0,,68328.40496882854,68328.40496882854,68328.40496882854,34164.20248441427
2023-12-22,313117237.0,,83614.80115880235,83614.80115880235,83614.80115880235,41807.400579401175
2023-12-23,216066886.0,,57698.48342744419,57698.48342744419,57698.48342744419,28849.241713722095
2023-12-24,285999399.0,,76373.25593455583,76373.25593455583,76373.25593455583,38186.62796727791
2023-12-25,264966740.0,,70756.69640887922,70756.69640887922,70756.69640887922,35378.34820443961
2023-12-26,400366485.0,,106913.83315292739,106913.83315292739,106913.83315292739,53456.91657646369
2023-12-27,315016770.0,,84122.05229454733,84122.05229454733,84122.05229454733,42061.02614727367
2023-12-28,364730218.0,,97397.5273506793,97397.5273506793,97397.5273506793,48698.76367533965
2023-12-29,447011217.0,,119369.83854136796,119369.83854136796,119369.83854136796,59684.91927068398
2023-12-30,224178606.0,,59864.636467610035,59864.636467610035,59864.636467610035,29932.318233805017
2023-12-31,267649802.0,,71473.18106419935,71473.18106419935,71473.18106419935,35736.590532099675
2024-01-01,264852933.0,,70726.30539698011,70726.30539698011,70726.30539698011,35363.152698490056
2024-01-02,442397734.0,,118137.85442132888,118137.85442132888,118137.85442132888,59068.92721066444
2024-01-03,933857727.0,,249377.29044190602,249377.29044190602,249377.29044190602,124688.64522095301
2024-01-04,479514663.0,,128049.55608200873,128049.55608200873,128049.55608200873,64024.77804100436
2024-01-05,620173406.0,,165611.05521848737,165611.05521848737,165611.05521848737,82805.52760924368
2024-01-06,393370537.0,,105045.63577567051,105045.63577567051,105045.63577567051,52522.817887835256
2024-01-07,404691438.0,,108068.76824554947,108068.76824554947,108068.76824554947,54034.38412277473
2024-01-08,623690004.0,,166550.12725854068,166550.12725854068,166550.12725854068,83275.06362927034
2024-01-09,614822242.0,,164182.08082501398,164182.08082501398,164182.08082501398,82091.04041250699
2024-01-10,835255446.0,,223046.54545127062,223046.54545127062,223046.54545127062,111523.27272563531
2024-01-11,791781861.0,,211437.36289631823,211437.36289631823,211437.36289631823,105718.68144815911
2024-01-12,904336169.0,,241493.85602699374,241493.85602699374,241493.85602699374,120746.92801349687
2024-01-13,419548163.0,,112036.10686493697,112036.10686493697,112036.10686493697,56018.053432468485
2024-01-14,404389937.0,,107988.25544336165,107988.25544336165,107988.25544336165,53994.12772168082
2024-01-15,440072443.0,,117516.90890435834,117516.90890435834,117516.90890435834,58758.45445217917
2024-01-16,532946204.0,,142317.91038638513,142317.91038638513,142317.91038638513,71158.95519319257
2024-01-17,505126267.0,,134888.87670305133,134888.87670305133,134888.87670305133,67444.43835152566
2024-01-18,553622182.0,,147839.2218472223,147839.2218472223,147839.2218472223,73919.61092361115
2024-01-19,643883128.0,,171942.49742701862,171942.49742701862,171942.49742701862,85971.24871350931
2024-01-20,334604320.0,,89352.71003198164,89352.71003198164,89352.71003198164,44676.35501599082
2024-01-21,306679614.0,,81895.69884352376,81895.69884352376,81895.69884352376,40947.84942176188
2024-01-22,665704068.0,,177769.5594459587,177769.5594459587,177769.5594459587,88884.77972297935
2024-01-23,696180592.0,,185908.0079027949,185908.0079027949,185908.0079027949,92954.00395139745
2024-01-24,434659444.0,,116071.42209758189,116071.42209758189,116071.42209758189,58035.711048790945
2024-01-25,413186193.0,,110337.20692054245,110337.20692054245,110337.20692054245,55168.603460271224
2024-01-26,553241320.0,,147737.51649013607,147737.51649013607,147737.51649013607,73868.75824506803
2024-01-27,365919890.0,,97715.21726349683,97715.21726349683,97715.21726349683,48857.608631748415
2024-01-28,521419115.0,,139239.71748998185,139239.71748998185,139239.71748998185,69619.85874499092
2024-01-29,643928438.0,,171954.5970056838,171954.5970056838,171954.5970056838,85977.2985028419
2024-01-30,826998205.0,,220841.53249525977,220841.53249525977,220841.53249525977,110420.76624762989
2024-01-31,842630674.0,,225016.02572846413,225016.02572846413,225016.02572846413,112508.01286423206
2024-02-01,667122776.0,,178148.4111133372,178148.4111133372,178148.4111133372,89074.2055566686
2024-02-02,735516457.0,,196412.25405001192,196412.25405001192,196412.25405001192,98206.12702500596
2024-02-03,476307522.0,,127193.12141372745,127193.12141372745,127193.12141372745,63596.560706863725
2024-02-04,602771864.0,,160964.14887718446,160964.14887718446,160964.14887718446,80482.07443859223
2024-02-05,868203004.0,,231844.85862378404,231844.85862378404,231844.85862378404,115922.42931189202
2024-02-06,1187737106.0,,317173.218883256,317173.218883256,317173.218883256,158586.609441628
2024-02-07,919083977.0,,245432.10945967905,245432.10945967905,245432.10945967905,122716.05472983952
2024-02-08,951960256.0,,254211.3882939079,254211.3882939079,254211.3882939079,127105.69414695395
2024-02-09,1083948046.0,,289457.3968559972,289457.3968559972,289457.3968559972,144728.6984279986
2024-02-10,859555594.0,,229535.65497017413,229535.65497017413,229535.65497017413,114767.82748508707
2024-02-11,849792912.0,,226928.62917361403,226928.62917361403,226928.62917361403,113464.31458680701
2024-02-12,1656328555.0,,442305.84079908516,442305.84079908516,442305.84079908516,221152.92039954258
2024-02-13,1331074053.0,,355449.9053951352,355449.9053951352,355449.9053951352,177724.9526975676
2024-02-14,1022281116.0,,272989.8649518888,272989.8649518888,272989.8649518888,136494.9324759444
2024-02-15,1255340255.0,,335225.95821981283,335225.95821981283,335225.95821981283,167612.97910990642
2024-02-16,1100307028.0,,293825.8980608364,293825.8980608364,293825.8980608364,146912.9490304182
2024-02-17,752925975.0,,201061.2903016974,201061.2903016974,201061.2903016974,100530.6451508487
2024-02-18,870518954.0,,232463.30972088454,232463.30972088454,232463.30972088454,116231.65486044227
2024-02-19,1114226086.0,,297542.8421618341,297542.8421618341,297542.8421618341,148771.42108091706
2024-02-20,1581044233.0,,422201.9216577533,422201.9216577533,422201.9216577533,211100.96082887665
2024-02-21,1403081401.0,,374678.741669622,374678.741669622,374678.741669622,187339.370834811
2024-02-22,1248963421.0,,333523.0889940835,333523.0889940835,333523.0889940835,166761.54449704176
2024-02-23,1114503989.0,,297617.0533560471,297617.0533560471,297617.0533560471,148808.52667802354
2024-02-24,745400262.0,,199051.62452250806,199051.62452250806,199051.62452250806,99525.81226125403
2024-02-25,1005574656.0,,268528.57325057156,268528.57325057156,268528.57325057156,134264.28662528578
2024-02-26,1472529815.0,,393224.24041967705,393224.24041967705,393224.24041967705,196612.12020983853
2024-02-27,1749777095.0,,467260.331217894,467260.331217894,467260.331217894,233630.165608947
2024-02-28,3110325961.0,,830581.1882469946,830581.1882469946,830581.1882469946,415290.5941234973
2024-02-29,1590500561.0,,424727.13870740554,424727.13870740554,424727.13870740554,212363.56935370277
2024-03-01,1630498570.0,,435408.2037338033,435408.2037338033,435408.2037338033,217704.10186690165
2024-03-02,1163021728.0,,310573.2263793791,310573.2263793791,310573.2263793791,155286.61318968955
2024-03-03,1305964939.0,,348744.7696622733,348744.7696622733,348744.7696622733,174372.38483113665
2024-03-04,3646441183.0,,973745.3529388834,973745.3529388834,973745.3529388834,486872.6764694417
2024-03-05,3074908888.0,,821123.4159924388,821123.4159924388,821123.4159924388,410561.7079962194
2024-03-06,1962698948.0,,524118.96529225743,524118.96529225743,524118.96529225743,262059.48264612872
2024-03-07,1564226697.0,,417710.9682305518,417710.9682305518,417710.9682305518,208855.4841152759
2024-03-08,1755335448.0,,468744.63334484916,468744.63334484916,468744.63334484916,234372.31667242458
2024-03-09,877654711.0,,234368.8416819772,234368.8416819772,234368.8416819772,117184.4208409886
2024-03-10,1221522505.0,,326195.2690473477,326195.2690473477,326195.2690473477,163097.63452367386
2024-03-11,1775797900.0,,474208.9248402469,474208.9248402469,474208.9248402469,237104.46242012345
2024-03-12,1767684072.0,,472042.2088799348,472042.2088799348,472042.2088799348,236021.1044399674
2024-03-13,1265798291.0,,338018.67129121616,338018.67129121616,338018.67129121616,169009.33564560808
2024-03-14,2036092456.0,,543717.9616188856,543717.9616188856,543717.9616188856,271858.9808094428
2024-03-15,2717370246.0,,725646.326504011,725646.326504011,725646.326504011,362823.1632520055
2024-03-16,1758758397.0,,469658.6973636618,469658.6973636618,469658.6973636618,234829.3486818309
2024-03-17,1608250892.0,,429467.18563451845,429467.18563451845,429467.18563451845,214733.59281725922
2024-03-18,1666630890.0,,445056.9754882826,445056.9754882826,445056.9754882826,222528.4877441413
2024-03-19,3006161952.0,,802765.2398696821,802765.2398696821,802765.2398696821,401382.61993484106
2024-03-20,3056649161.0,,816247.3399994745,816247.3399994745,816247.3399994745,408123.66999973723
2024-03-21,1520765024.0,,406104.96665509755,406104.96665509755,406104.96665509755,203052.48332754878
2024-03-22,1559565595.0,,416466.2679366779,416466.2679366779,416466.2679366779,208233.13396833895
2024-03-23,1018606430.0,,272008.57710534637,272008.57710534637,272008.57710534637,136004.28855267318
2024-03-24,1048631571.0,,280026.4882830693,280026.4882830693,280026.4882830693,140013.24414153464
2024-03-25,1643482596.0,,438875.4569665939,438875.4569665939,438875.4569665939,219437.72848329696
2024-03-26,1670131599.0,,445991.80453108565,445991.80453108565,445991.80453108565,222995.90226554283
2024-03-27,1318221582.0,,352017.7825987008,352017.7825987008,352017.7825987008,176008.8912993504
2024-03-28,1039407307.0,,277563.2415848484,277563.2415848484,277563.2415848484,138781.6207924242
2024-03-29,1140989766.0,,304689.81306295324,304689.81306295324,304689.81306295324,152344.90653147662
2024-03-30,843983055.0,,225377.16543922987,225377.16543922987,225377.16543922987,112688.58271961493
2024-03-31,992898732.0,,265143.59555046464,265143.59555046464,265143.59555046464,132571.79777523232
2024-04-01,1450400296.0,,387314.7754900126,387314.7754900126,387314.7754900126,193657.3877450063
2024-04-02,1797444197.0,,479989.35020686244,479989.35020686244,479989.35020686244,239994.67510343122
2024-04-03,1266518550.0,,338211.00919520657,338211.00919520657,338211.00919520657,169105.50459760329
2024-04-04,1201472768.0,,320841.18893153063,320841.18893153063,320841.18893153063,160420.59446576532
2024-04-05,1353846484.0,,361531.05349228566,361531.05349228566,361531.05349228566,180765.52674614283
2024-04-06,935903940.0,,249923.71099276046,249923.71099276046,249923.71099276046,124961.85549638023
2024-04-07,1013765586.0,,270715.87852260825,270715.87852260825,270715.87852260825,135357.93926130413
2024-04-08,1867947857.0,,498816.64176177554,498816.64176177554,498816.64176177554,249408.32088088777
2024-04-09,2028048395.0,,541569.8762325027,541569.8762325027,541569.8762325027,270784.9381162514
2024-04-10,1588981618.0,,424321.5202938892,424321.5202938892,424321.5202938892,212160.7601469446
2024-04-11,1391451862.0,,371573.19053366355,371573.19053366355,371573.19053366355,185786.59526683178
2024-04-12,2199113835.0,,587251.1772294934,587251.1772294934,587251.1772294934,293625.5886147467
2024-04-13,2625194949.0,,701031.8427909712,701031.8427909712,701031.8427909712,350515.9213954856
2024-04-14,1926434244.0,,514434.8417253303,514434.8417253303,514434.8417253303,257217.42086266514
2024-04-15,1716555527.0,,458388.8464375667,458388.8464375667,458388.8464375667,229194.42321878334
2024-04-16,2478710146.0,,661914.5530723239,661914.5530723239,661914.5530723239,330957.27653616195
2024-04-17,1893324457.0,,505593.20693402906,505593.20693402906,505593.20693402906,252796.60346701453
2024-04-18,1537873262.0,,410673.549120417,410673.549120417,410673.549120417,205336.7745602085
2024-04-19,1861390312.0,,497065.51548550185,497065.51548550185,497065.51548550185,248532.75774275092
2024-04-20,988107592.0,,263864.1699197895,263864.1699197895,263864.1699197895,131932.08495989474
2024-04-21,995237221.0,,265768.0654602673,265768.0654602673,265768.0654602673,132884.03273013365
2024-04-22,1407455782.0,,375846.8760112899,375846.8760112899,375846.8760112899,187923.43800564494
2024-04-23,1236629117.0,,330229.3374706175,330229.3374706175,330229.3374706175,165114.66873530875
2024-04-24,1318772755.0,,352164.96779118857,352164.96779118857,352164.96779118857,176082.48389559428
2024-04-25,1080445516.0,,288522.08153350436,288522.08153350436,288522.08153350436,144261.04076675218
2024-04-26,817882552.0,,218407.28926952629,218407.28926952629,218407.28926952629,109203.64463476314
2024-04-27,930817167.0,,248565.3395501338,248565.3395501338,248565.3395501338,124282.6697750669
2024-04-28,808163567.0,,215811.93231624435,215811.93231624435,215811.93231624435,107905.96615812217
2024-04-29,1187950322.0,,317230.156066321,317230.156066321,317230.156066321,158615.0780331605
2024-04-30,1787530942.0,,477342.11540879385,477342.11540879385,477342.11540879385,238671.05770439692
2024-05-01,1590549336.0,,424740.16357938515,424740.16357938515,424740.16357938515,212370.08178969257
2024-05-02,790103803.0,,210989.25442631746,210989.25442631746,210989.25442631746,105494.62721315873
2024-05-03,832415060.0,,222288.0490079584,222288.0490079584,222288.0490079584,111144.0245039792
2024-05-04,493307660.0,,131732.83686395737,131732.83686395737,131732.83686395737,65866.41843197869
2024-05-05,480703027.0,,128366.89670661406,128366.89670661406,128366.89670661406,64183.44835330703
2024-05-06,815149146.0,,217677.3607565959,217677.3607565959,217677.3607565959,108838.68037829796
2024-05-07,805554652.0,,215115.2478696924,215115.2478696924,215115.2478696924,107557.6239348462
2024-05-08,877880338.0,,234429.0930974592,234429.0930974592,234429.0930974592,117214.5465487296
2024-05-09,695475348.0,,185719.67960316688,185719.67960316688,185719.67960316688,92859.83980158344
2024-05-10,790717802.0,,211153.21666866663,211153.21666866663,211153.21666866663,105576.60833433332
2024-05-11,306677485.0,,81895.13031553925,81895.13031553925,81895.13031553925,40947.565157769626
2024-05-12,274319230.0,,73254.18456757067,73254.18456757067,73254.18456757067,36627.092283785336
2024-05-13,896032968.0,,239276.5699163713,239276.5699163713,239276.5699163713,119638.28495818566
2024-05-14,763471969.0,,203877.4916701705,203877.4916701705,203877.4916701705,101938.74583508525
2024-05-15,946169039.0,,252664.90218358723,252664.90218358723,252664.90218358723,126332.45109179361
2024-05-16,755025010.0,,201621.8164350778,201621.8164350778,201621.8164350778,100810.9082175389
2024-05-17,765218642.0,,204343.9230841155,204343.9230841155,204343.9230841155,102171.96154205775
2024-05-18,418099777.0,,111649.32998688477,111649.32998688477,111649.32998688477,55824.664993442384
2024-05-19,551418231.0,,147250.6789538499,147250.6789538499,147250.6789538499,73625.33947692496
2024-05-20,1665440197.0,,444739.01292770926,444739.01292770926,444739.01292770926,222369.50646385463
2024-05-21,1205786619.0,,321993.15934698784,321993.15934698784,321993.15934698784,160996.57967349392
2024-05-22,1146314542.0,,306111.74080708175,306111.74080708175,306111.74080708175,153055.87040354087
2024-05-23,2012707637.0,,537473.2814806933,537473.2814806933,537473.2814806933,268736.64074034663
2024-05-24,919343284.0,,245501.35477958486,245501.35477958486,245501.35477958486,122750.67738979243
2024-05-25,389712490.0,,104068.79120631659,104068.79120631659,104068.79120631659,52034.39560315829
2024-05-26,534000661.0,,142599.49249674816,142599.49249674816,142599.49249674816,71299.74624837408
2024-05-27,787170481.0,,210205.94036122577,210205.94036122577,210205.94036122577,105102.97018061289
2024-05-28,1070158893.0,,285775.14257549174,285775.14257549174,285775.14257549174,142887.57128774587
2024-05-29,866714127.0,,231447.2690324294,231447.2690324294,231447.2690324294,115723.6345162147
2024-05-30,971844862.0,,259521.3718410964,259521.3718410964,259521.3718410964,129760.6859205482
2024-05-31,915873693.0,,244574.83548493686,244574.83548493686,244574.83548493686,122287.41774246843
2024-06-01,380552969.0,,101622.83347347906,101622.83347347906,101622.83347347906,50811.41673673953
2024-06-02,528597238.0,,141156.5628642224,141156.5628642224,141156.5628642224,70578.2814321112
2024-06-03,958429836.0,,255939.0244038323,255939.0244038323,255939.0244038323,127969.51220191615
2024-06-04,877444459.0,,234312.6960052279,234312.6960052279,234312.6960052279,117156.34800261394
2024-06-05,973990646.0,,260094.38182358336,260094.38182358336,260094.38182358336,130047.19091179168
2024-06-06,704678902.0,,188177.39590469486,188177.39590469486,188177.39590469486,94088.69795234743
2024-06-07,1346871493.0,,359668.45247058134,359668.45247058134,359668.45247058134,179834.22623529067
2024-06-08,376773405.0,,100613.53901446155,100613.53901446155,100613.53901446155,50306.769507230776
2024-06-09,330059606.0,,88139.08998003404,88139.08998003404,88139.08998003404,44069.54499001702
2024-06-10,586663797.0,,156662.65199326279,156662.65199326279,156662.65199326279,78331.32599663139
2024-06-11,1272497718.0,,339807.6857250747,339807.6857250747,339807.6857250747,169903.84286253736
2024-06-12,1383215841.0,,369373.84416470357,369373.84416470357,369373.84416470357,184686.92208235178
2024-06-13,1033645838.0,,276024.6993779957,276024.6993779957,276024.6993779957,138012.34968899784
2024-06-14,1190858133.0,,318006.65767607547,318006.65767607547,318006.65767607547,159003.32883803773
2024-06-15,489421935.0,,130695.19318025053,130695.19318025053,130695.19318025053,65347.596590125264
2024-06-16,537847609.0,,143626.78117357133,143626.78117357133,143626.78117357133,71813.39058678567
2024-06-17,1699320741.0,,453786.47060475836,453786.47060475836,453786.47060475836,226893.23530237918
2024-06-18,1731902939.0,,462487.21807298774,462487.21807298774,462487.21807298774,231243.60903649387
2024-06-19,909414379.0,,242849.94080680623,242849.94080680623,242849.94080680623,121424.97040340312
2024-06-20,910126791.0,,243040.1832485634,243040.1832485634,243040.1832485634,121520.0916242817
2024-06-21,957186685.0,,255607.05346326294,255607.05346326294,255607.05346326294,127803.52673163147
2024-06-22,299072676.0,,79864.34274702966,79864.34274702966,79864.34274702966,39932.17137351483
2024-06-23,527954141.0,,140984.83029435168,140984.83029435168,140984.83029435168,70492.41514717584
2024-06-24,1727524536.0,,461318.00969677145,461318.00969677145,461318.00969677145,230659.00484838572
2024-06-25,754216799.0,,201405.99183625716,201405.99183625716,201405.99183625716,100702.99591812858
2024-06-26,831156006.0,,221951.8313315799,221951.8313315799,221951.8313315799,110975.91566578994
2024-06-27,737234552.0,,196871.05399719253,196871.05399719253,196871.05399719253,98435.52699859627
2024-06-28,884727640.0,,236257.5960591287,236257.5960591287,236257.5960591287,118128.79802956435
2024-06-29,285611393.0,,76269.64284429845,76269.64284429845,76269.64284429845,38134.82142214922
2024-06-30,677277449.0,,180860.1141542262,180860.1141542262,180860.1141542262,90430.0570771131
2024-07-01,796113638.0,,212594.1202693378,212594.1202693378,212594.1202693378,106297.0601346689
2024-07-02,713475865.0,,190526.53617909737,190526.53617909737,190526.53617909737,95263.26808954868
2024-07-03,1163983056.0,,310829.93932925863,310829.93932925863,310829.93932925863,155414.96966462932
2024-07-04,1581322566.0,,422276.2476791308,422276.2476791308,422276.2476791308,211138.1238395654
2024-07-05,2132301720.0,,569409.675547093,569409.675547093,569409.675547093,284704.8377735465
2024-07-06,668945955.0,,178635.2726832159,178635.2726832159,178635.2726832159,89317.63634160795
2024-07-07,608061983.0,,162376.82181888967,162376.82181888967,162376.82181888967,81188.41090944484
2024-07-08,1513201307.0,,404085.15229088085,404085.15229088085,404085.15229088085,202042.57614544043
2024-07-09,1089389489.0,,290910.47934618907,290910.47934618907,290910.47934618907,145455.23967309453
2024-07-10,1185283204.0,,316517.92909544666,316517.92909544666,316517.92909544666,158258.96454772333
2024-07-11,1005904985.0,,268616.78427950316,268616.78427950316,268616.78427950316,134308.39213975158
2024-07-12,887900763.0,,237104.946563494,237104.946563494,237104.946563494,118552.473281747
2024-07-13,512905172.0,,136966.1548530505,136966.1548530505,136966.1548530505,68483.07742652525
2024-07-14,591024737.0,,157827.1970513985,157827.1970513985,157827.1970513985,78913.59852569926
2024-07-15,1242944542.0,,331915.80804204865,331915.80804204865,331915.80804204865,165957.90402102433
2024-07-16,1431672709.0,,382313.76220121316,382313.76220121316,382313.76220121316,191156.88110060658
2024-07-17,1287758269.0,,343882.8620062156,343882.8620062156,343882.8620062156,171941.4310031078
2024-07-18,1142129840.0,,304994.25832993904,304994.25832993904,304994.25832993904,152497.12916496952
2024-07-19,1164102222.0,,310861.761408076,310861.761408076,310861.761408076,155430.880704038
2024-07-20,476042091.0,,127122.24074136645,127122.24074136645,127122.24074136645,63561.120370683224
2024-07-21,995190091.0,,265755.4798689521,265755.4798689521,265755.4798689521,132877.73993447606
2024-07-22,1032009015.0,,275587.602298996,275587.602298996,275587.602298996,137793.801149498
2024-07-23,1669086927.0,,445712.83540631604,445712.83540631604,445712.83540631604,222856.41770315802
2024-07-24,1063308103.0,,283945.70817858976,283945.70817858976,283945.70817858976,141972.85408929488
2024-07-25,1533661394.0,,409548.8122368735,409548.8122368735,409548.8122368735,204774.40611843675
2024-07-26,857705973.0,,229041.73233079497,229041.73233079497,229041.73233079497,114520.86616539749
2024-07-27,1053837795.0,,281416.7579108898,281416.7579108898,281416.7579108898,140708.3789554449
2024-07-28,467754578.0,,124909.14395297089,124909.14395297089,124909.14395297089,62454.571976485444
2024-07-29,1169104361.0,,312197.5321943189,312197.5321943189,312197.5321943189,156098.76609715945
2024-07-30,996152858.0,,266012.577089273,266012.577089273,266012.577089273,133006.2885446365
2024-07-31,1034067202.0,,276137.2203858234,276137.2203858234,276137.2203858234,138068.6101929117
2024-08-01,1215622066.0,,324619.6163031501,324619.6163031501,324619.6163031501,162309.80815157504
2024-08-02,1376035552.0,,367456.4203820016,367456.4203820016,367456.4203820016,183728.2101910008
2024-08-03,937998541.0,,250483.05307114637,250483.05307114637,250483.05307114637,125241.52653557318
2024-08-04,1179337502.0,,314930.1893234599,314930.1893234599,314930.1893234599,157465.09466172996
2024-08-05,4285333957.0,,1144355.2266450878,1144355.2266450878,1144355.2266450878,572177.6133225439
2024-08-06,1238203378.0,,330649.72799829405,330649.72799829405,330649.72799829405,165324.86399914703
2024-08-07,1450793915.0,,387419.8874753273,387419.8874753273,387419.8874753273,193709.94373766365
2024-08-08,1398344474.0,,373413.79307399824,373413.79307399824,373413.79307399824,186706.89653699912
2024-08-09,970539931.0,,259172.90317441945,259172.90317441945,259172.90317441945,129586.45158720973
2024-08-10,576084313.0,,153837.50745795018,153837.50745795018,153837.50745795018,76918.75372897509
2024-08-11,751850802.0,,200774.17619240194,200774.17619240194,200774.17619240194,100387.08809620097
2024-08-12,1174934035.0,,313754.28785874957,313754.28785874957,313754.28785874957,156877.14392937478
2024-08-13,1205953708.0,,322037.778779775,322037.778779775,322037.778779775,161018.8893898875
2024-08-14,1181694586.0,,315559.6248405298,315559.6248405298,315559.6248405298,157779.8124202649
2024-08-15,1201384336.0,,320817.5740575399,320817.5740575399,320817.5740575399,160408.78702876996
2024-08-16,994929104.0,,265685.7859219848,265685.7859219848,265685.7859219848,132842.8929609924
2024-08-17,383059237.0,,102292.10707361199,102292.10707361199,102292.10707361199,51146.053536805994
2024-08-18,513438143.0,,137108.4793849587,137108.4793849587,137108.4793849587,68554.23969247934
2024-08-19,869988398.0,,232321.6300903773,232321.6300903773,232321.6300903773,116160.81504518865
2024-08-20,888486449.0,,237261.348104657,237261.348104657,237261.348104657,118630.6740523285
2024-08-21,1041215441.0,,278046.0855391672,278046.0855391672,278046.0855391672,139023.0427695836
2024-08-22,752331084.0,,200902.43065809316,200902.43065809316,200902.43065809316,100451.21532904658
2024-08-23,1342470423.0,,358493.19110055343,358493.19110055343,358493.19110055343,179246.59555027672
2024-08-24,925900723.0,,247252.45274962723,247252.45274962723,247252.45274962723,123626.22637481362
2024-08-25,738710843.0,,197265.28262414457,197265.28262414457,197265.28262414457,98632.64131207229
2024-08-26,1146218352.0,,306086.0542374105,306086.0542374105,306086.0542374105,153043.02711870524
2024-08-27,1657251446.0,,442552.28953565296,442552.28953565296,442552.28953565296,221276.14476782648
2024-08-28,1526177256.0,,407550.24864225724,407550.24864225724,407550.24864225724,203775.12432112862
2024-08-29,947820599.0,,253105.93462985219,253105.93462985219,253105.93462985219,126552.96731492609
2024-08-30,1028851215.0,,274744.34364728763,274744.34364728763,274744.34364728763,137372.17182364382
2024-08-31,317692156.0,,84836.4871514602,84836.4871514602,84836.4871514602,42418.2435757301
2024-09-01,719773731.0,,192208.31779661585,192208.31779661585,192208.31779661585,96104.15889830793
2024-09-02,852296305.0,,227597.13503398397,227597.13503398397,227597.13503398397,113798.56751699199
2024-09-03,834739277.0,,222908.70772405746,222908.70772405746,222908.70772405746,111454.35386202873
2024-09-04,1298084101.0,,346640.27133235626,346640.27133235626,346640.27133235626,173320.13566617813
2024-09-05,967807096.0,,258443.12714128202,258443.12714128202,258443.12714128202,129221.56357064101
2024-09-06,1601420458.0,,427643.1871021786,427643.1871021786,427643.1871021786,213821.5935510893
2024-09-07,500102802.0,,133547.4110235263,133547.4110235263,133547.4110235263,66773.70551176315
2024-09-08,603968324.0,,161283.65145696246,161283.65145696246,161283.65145696246,80641.82572848123
2024-09-09,1237280338.0,,330403.2394727786,330403.2394727786,330403.2394727786,165201.6197363893
2024-09-10,864294516.0,,230801.1363104335,230801.1363104335,230801.1363104335,115400.56815521675
2024-09-11,1048031609.0,,279866.27448004304,279866.27448004304,279866.27448004304,139933.13724002152
2024-09-12,922676565.0,,246391.47386306865,246391.47386306865,246391.47386306865,123195.73693153432
2024-09-13,982645860.0,,262405.66945671,262405.66945671,262405.66945671,131202.834728355
2024-09-14,379610638.0,,101371.19348091366,101371.19348091366,101371.19348091366,50685.59674045683
2024-09-15,557977491.0,,149002.2632035822,149002.2632035822,149002.2632035822,74501.1316017911
2024-09-16,958432580.0,,255939.7571613661,255939.7571613661,255939.7571613661,127969.87858068306
2024-09-17,1049378805.0,,280226.0295888361,280226.0295888361,280226.0295888361,140113.01479441806
2024-09-18,1361830493.0,,363663.1025975385,363663.1025975385,363663.1025975385,181831.55129876925
2024-09-19,1340368182.0,,357931.80883719726,357931.80883719726,357931.80883719726,178965.90441859863
2024-09-20,1168698821.0,,312089.2368261468,312089.2368261468,312089.2368261468,156044.6184130734
2024-09-21,475128663.0,,126878.31900353864,126878.31900353864,126878.31900353864,63439.15950176932
2024-09-22,902780752.0,,241078.4975995239,241078.4975995239,241078.4975995239,120539.24879976195
2024-09-23,1314167913.0,,350935.2911630772,350935.2911630772,350935.2911630772,175467.6455815386
2024-09-24,1297080855.0,,346372.364603212,346372.364603212,346372.364603212,173186.182301606
2024-09-25,1192716412.0,,318502.89234706096,318502.89234706096,318502.89234706096,159251.44617353048
2024-09-26,1703385028.0,,454871.79747022665,454871.79747022665,454871.79747022665,227435.89873511333
2024-09-27,1289694729.0,,344399.97412499675,344399.97412499675,344399.97412499675,172199.98706249837
2024-09-28,630731829.0,,168430.575626096,168430.575626096,168430.575626096,84215.287813048
2024-09-29,699561574.0,,186810.86505738678,186810.86505738678,186810.86505738678,93405.43252869339
2024-09-30,1475016818.0,,393888.36949579796,393888.36949579796,393888.36949579796,196944.18474789898
2024-10-01,2907271218.0,,776357.4664137034,776357.4664137034,776357.4664137034,388178.7332068517
2024-10-02,1680260869.0,,448696.72395694855,448696.72395694855,448696.72395694855,224348.36197847428
2024-10-03,1441474827.0,,384931.3189839626,384931.3189839626,384931.3189839626,192465.6594919813
2024-10-04,1112211689.0,,297004.91775299713,297004.91775299713,297004.91775299713,148502.45887649857
2024-10-05,454610036.0,,121399.0265407713,121399.0265407713,121399.0265407713,60699.51327038565
2024-10-06,570169001.0,,152257.88302905846,152257.88302905846,152257.88302905846,76128.94151452923
2024-10-07,1202724191.0,,321175.36882629816,321175.36882629816,321175.36882629816,160587.68441314908
2024-10-08,1139584351.0,,304314.511157199,304314.511157199,304314.511157199,152157.2555785995
2024-10-09,1029340075.0,,274874.8887813918,274874.8887813918,274874.8887813918,137437.4443906959
2024-10-10,1331211843.0,,355486.7008253774,355486.7008253774,355486.7008253774,177743.3504126887
2024-10-11,924025271.0,,246751.6322021373,246751.6322021373,246751.6322021373,123375.81610106865
2024-10-12,488819494.0,,130534.31738526863,130534.31738526863,130534.31738526863,65267.158692634315
2024-10-13,573048051.0,,153026.70430374367,153026.70430374367,153026.70430374367,76513.35215187183
2024-10-14,1340746657.0,,358032.87677000026,358032.87677000026,358032.87677000026,179016.43838500013
2024-10-15,1827134184.0,,487917.76188805146,487917.76188805146,487917.76188805146,243958.88094402573
2024-10-16,1075237332.0,,287131.28850744537,287131.28850744537,287131.28850744537,143565.64425372268
2024-10-17,909679263.0,,242920.67540833232,242920.67540833232,242920.67540833232,121460.33770416616
2024-10-18,1020473201.0,,272507.0794793119,272507.0794793119,272507.0794793119,136253.53973965594
2024-10-19,445864427.0,,119063.59983429575,119063.59983429575,119063.59983429575,59531.79991714787
2024-10-20,719881246.0,,192237.0285933536,192237.0285933536,192237.0285933536,96118.5142966768
2024-10-21,1260476373.0,,336597.5067471721,336597.5067471721,336597.5067471721,168298.75337358605
2024-10-22,1101531149.0,,294152.7872317744,294152.7872317744,294152.7872317744,147076.3936158872
2024-10-23,1362050156.0,,363721.7613869521,363721.7613869521,363721.7613869521,181860.88069347604
2024-10-24,945644946.0,,252524.94843206726,252524.94843206726,252524.94843206726,126262.47421603363
2024-10-25,1718059286.0,,458790.4101169746,458790.4101169746,458790.4101169746,229395.2050584873
2024-10-26,655365281.0,,175008.69061768588,175008.69061768588,175008.69061768588,87504.34530884294
2024-10-27,482019951.0,,128718.56798302244,128718.56798302244,128718.56798302244,64359.28399151122
2024-10-28,1109998214.0,,296413.8315714498,296413.8315714498,296413.8315714498,148206.9157857249
2024-10-29,1415525488.0,,378001.80963635887,378001.80963635887,378001.80963635887,189000.90481817944
2024-10-30,987115140.0,,263599.1456195155,263599.1456195155,263599.1456195155,131799.57280975775
2024-10-31,1102912987.0,,294521.79313739203,294521.79313739203,294521.79313739203,147260.89656869601
2024-11-01,1477585654.0,,394574.35124949354,394574.35124949354,394574.35124949354,197287.17562474677
2024-11-02,465194159.0,,124225.40987426152,124225.40987426152,124225.40987426152,62112.70493713076
2024-11-03,1051617813.0,,280823.93410059885,280823.93410059885,280823.93410059885,140411.96705029943
2024-11-04,974836873.0,,260320.35821191044,260320.35821191044,260320.35821191044,130160.17910595522
2024-11-05,1156454680.0,,308819.5624227688,308819.5624227688,308819.5624227688,154409.7812113844
2024-11-06,3251406468.0,,868255.315207268,868255.315207268,868255.315207268,434127.657603634
2024-11-07,2057093379.0,,549326.0463657381,549326.0463657381,549326.0463657381,274663.0231828691
2024-11-08,1569348606.0,,419078.7223877223,419078.7223877223,419078.7223877223,209539.36119386114
2024-11-09,1317634085.0,,351860.89744824707,351860.89744824707,351860.89744824707,175930.44872412353
2024-11-10,2987414174.0,,797758.834777907,797758.834777907,797758.834777907,398879.4173889535
2024-11-11,4323129752.0,,1154448.21262645,1154448.21262645,1154448.21262645,577224.106313225
2024-11-12,4978093158.0,,1329349.5865772616,1329349.5865772616,1329349.5865772616,664674.7932886308
2024-11-13,5363477430.0,,1432262.5708056253,1432262.5708056253,1432262.5708056253,716131.2854028126
2024-11-14,3385993151.0,,904195.3319418554,904195.3319418554,904195.3319418554,452097.6659709277
2024-11-15,2955839210.0,,789327.0589940132,789327.0589940132,789327.0589940132,394663.5294970066
2024-11-16,1803182783.0,,481521.7817392814,481521.7817392814,481521.7817392814,240760.8908696407
2024-11-17,2124451882.0,,567313.4554546208,567313.4554546208,567313.4554546208,283656.7277273104
2024-11-18,2820937574.0,,753302.9372362668,753302.9372362668,753302.9372362668,376651.4686181334
2024-11-19,2325581922.0,,621023.2047574417,621023.2047574417,621023.2047574417,310511.6023787208
2024-11-20,2513221028.0,,671130.3361569354,671130.3361569354,671130.3361569354,335565.1680784677
2024-11-21,3767476747.0,,1006066.6799727046,1006066.6799727046,1006066.6799727046,503033.3399863523
2024-11-22,2643790124.0,,705997.4967902051,705997.4967902051,705997.4967902051,352998.74839510256
2024-11-23,2504910316.0,,668911.0443094921,668911.0443094921,668911.0443094921,334455.52215474605
2024-11-24,2250577596.0,,600994.0557248702,600994.0557248702,600994.0557248702,300497.0278624351
2024-11-25,3971505704.0,,1060550.555832253,1060550.555832253,1060550.555832253,530275.2779161265
2024-11-26,3016097000.0,,805418.2942686744,805418.2942686744,805418.2942686744,402709.1471343372
2024-11-27,2339595136.0,,624765.2922689182,624765.2922689182,624765.2922689182,312382.6461344591
2024-11-28,1764299577.0,,471138.4136141125,471138.4136141125,471138.4136141125,235569.20680705624
2024-11-29,1898801375.0,,507055.7626652968,507055.7626652968,507055.7626652968,253527.8813326484
2024-11-30,1988875285.0,,531109.0921670701,531109.0921670701,531109.0921670701,265554.54608353507
2024-12-01,2273206118.0,,607036.7743745229,607036.7743745229,607036.7743745229,303518.3871872614
2024-12-02,5831279120.0,,1557184.2955431927,1557184.2955431927,1557184.2955431927,778592.1477715963
2024-12-03,5145823495.0,,1374140.2819440386,1374140.2819440386,1374140.2819440386,687070.1409720193
2024-12-04,6326590297.0,,1689452.1514216838,1689452.1514216838,1689452.1514216838,844726.0757108419
2024-12-05,9607487922.0,,2565582.7827633303,2565582.7827633303,2565582.7827633303,1282791.3913816651
2024-12-06,5456222753.0,,1457029.274214719,1457029.274214719,1457029.274214719,728514.6371073595
2024-12-07,2834224108.0,,756850.9721804423,756850.9721804423,756850.9721804423,378425.48609022115
2024-12-08,3293617289.0,,879527.2893677477,879527.2893677477,879527.2893677477,439763.64468387386
2024-12-09,8969971447.0,,2395340.43582864,2395340.43582864,2395340.43582864,1197670.21791432
2024-12-10,7148782937.0,,1909010.4062354576,1909010.4062354576,1909010.4062354576,954505.2031177288
2024-12-11,4067311269.0,,1086134.4660127766,1086134.4660127766,1086134.4660127766,543067.2330063883
2024-12-12,4810159953.0,,1284504.7173564867,1284504.7173564867,1284504.7173564867,642252.3586782434
2024-12-13,3482832993.0,,930055.4353672054,930055.4353672054,930055.4353672054,465027.7176836027
2024-12-14,3119532031.0,,833039.5764209552,833039.5764209552,833039.5764209552,416519.7882104776
2024-12-15,3868393367.0,,1033015.4458591333,1033015.4458591333,1033015.4458591333,516507.72292956663
2024-12-16,6258118435.0,,1671167.4310372134,1671167.4310372134,1671167.4310372134,835583.7155186067
2024-12-17,5475626807.0,,1462210.9311954384,1462210.9311954384,1462210.9311954384,731105.4655977192
2024-12-18,8183800083.0,,2185401.299588739,2185401.299588739,2185401.299588739,1092700.6497943695
2024-12-19,11205533348.0,,2992324.7015984263,2992324.7015984263,2992324.7015984263,1496162.3507992132
2024-12-20,10363432420.0,,2767450.139198136,2767450.139198136,2767450.139198136,1383725.069599068
2024-12-21,5078044848.0,,1356040.6776360278,1356040.6776360278,1356040.6776360278,678020.3388180139
2024-12-22,4606880270.0,,1230220.927564137,1230220.927564137,1230220.927564137,615110.4637820685
2024-12-23,4336366043.0,1472923.0,1157982.8306840467,1472923.0,1157982.8306840467,578991.4153420234
2024-12-24,3156978485.0,1360510.0,843039.2744104728,1360510.0,843039.2744104728,421519.6372052364
2024-12-25,3781224380.0,1047305.0,1009737.8467558324,1047305.0,1009737.8467558324,504868.9233779162
2024-12-26,3875117783.0,1274776.0,1034811.133353492,1274776.0,1034811.133353492,517405.566676746
2024-12-27,1990525561.0,837060.0,531549.781734081,837060.0,531549.781734081,265774.8908670405
2024-12-28,2224066470.0,491777.0,593914.5268230935,491777.0,593914.5268230935,296957.26341154677
2024-12-29,4458944165.0,962448.0,1190716.0822790377,962448.0,1190716.0822790377,595358.0411395188
2024-12-30,3372865853.0,1536713.0,900689.8193659944,1536713.0,900689.8193659944,450344.9096829972
2024-12-31,2234323872.0,1359495.0,596653.6626076748,1359495.0,596653.6626076748,298326.8313038374
2025-01-01,3514669177.0,533479.0,938556.9673183673,533479.0,938556.9673183673,469278.48365918366
2025-01-02,3637626058.0,1313648.0,971391.362685498,1313648.0,971391.362685498,485695.681342749
2025-01-03,2487155117.0,1410369.0,664169.6974320605,1410369.0,664169.6974320605,332084.84871603025
2025-01-04,2214115002.0,1078270.0,591257.0876286548,1078270.0,591257.0876286548,295628.5438143274
2025-01-05,4497131739.0,1011149.0,1200913.6888922662,1011149.0,1200913.6888922662,600456.8444461331
2025-01-06,6975461852.0,1069280.0,1862726.7579835956,1069280.0,1862726.7579835956,931363.3789917978
2025-01-07,5885619071.0,2174514.0,1571695.2315790905,2174514.0,1571695.2315790905,785847.6157895452
2025-01-08,7196528213.0,1818035.0,1921760.3008029424,1818035.0,1921760.3008029424,960880.1504014712
2025-01-09,5106266430.0,1967421.0,1363576.9665670546,1967421.0,1363576.9665670546,681788.4832835273
2025-01-10,1912859745.0,1251164.0,510809.90863129124,1251164.0,510809.90863129124,255404.95431564562
2025-01-11,2103676696.0,803471.0,561765.6514976411,803471.0,561765.6514976411,280882.82574882056
2025-01-12,7437657806.0,710198.0,1986151.5274417936,710198.0,1986151.5274417936,993075.7637208968
2025-01-13,4184785041.0,,1117504.6524045097,1117504.6524045097,1117504.6524045097,558752.3262022549
2025-01-14,5481286977.0,1276865.0,1463722.422525681,1276865.0,1463722.422525681,731861.2112628405
2025-01-15,5472421041.0,1224530.0,1461354.863707044,1224530.0,1461354.863707044,730677.431853522
2025-01-16,5537708430.0,1691541.0,1478789.2026840844,1691541.0,1478789.2026840844,739394.6013420422
2025-01-17,9755484459.0,1713590.0,2605103.765804728,1713590.0,2605103.765804728,1302551.882902364
2025-01-18,18903609907.0,2794818.0,5048018.431375502,2794818.0,5048018.431375502,2524009.215687751
2025-01-19,15580451143.0,3896226.0,4160602.388958803,3896226.0,4160602.388958803,2080301.1944794015
2025-01-20,7517588880.0,4417611.0,2007496.3148541823,4417611.0,2007496.3148541823,1003748.1574270912
2025-01-21,5347912570.0,2052249.0,1428106.1318742079,2052249.0,1428106.1318742079,714053.0659371039
2025-01-22,11320300296.0,1520252.0,3022972.057932318,1520252.0,3022972.057932318,1511486.028966159
2025-01-23,5715012134.0,2786993.0,1526136.3691854265,2786993.0,1526136.3691854265,763068.1845927133
2025-01-24,3285522510.0,1362047.0,877365.6602508255,1362047.0,877365.6602508255,438682.8301254127
2025-01-25,4502210880.0,1132579.0,1202270.022286242,1132579.0,1202270.022286242,601135.011143121
2025-01-26,10371167289.0,921838.0,2769515.657978325,921838.0,2769515.657978325,1384757.8289891626
2025-01-27,6637740341.0,2835502.0,1772541.6335239182,2835502.0,1772541.6335239182,886270.8167619591
2025-01-28,7558968063.0,1484354.0,2018546.2084716924,1484354.0,2018546.2084716924,1009273.1042358462
2025-01-29,5328952399.0,1927003.0,1423043.00937322,1927003.0,1423043.00937322,711521.50468661
2025-01-30,6895512847.0,1468042.0,1841377.182278445,1468042.0,1841377.182278445,920688.5911392225
2025-01-31,5516193633.0,1761667.0,1473043.8930666295,1761667.0,1473043.8930666295,736521.9465333148
2025-02-01,10494617906.0,1383724.0,2802481.900566198,1383724.0,2802481.900566198,1401240.950283099
2025-02-02,16486176860.0,1970470.0,4402467.309769179,1970470.0,4402467.309769179,2201233.6548845894
2025-02-03,10201209531.0,4345798.0,2724130.1522913105,4345798.0,2724130.1522913105,1362065.0761456552
2025-02-04,5578662639.0,2531323.0,1489725.6112796643,2531323.0,1489725.6112796643,744862.8056398322
2025-02-05,5772095636.0,1455907.0,1541379.9428542184,1455907.0,1541379.9428542184,770689.9714271092
2025-02-06,6265399547.0,1378125.0,1673111.7785855248,1378125.0,1673111.7785855248,836555.8892927624
2025-02-07,2780382233.0,1550345.0,742473.042318529,1550345.0,742473.042318529,371236.5211592645
2025-02-08,4148515069.0,844630.0,1107819.122071297,844630.0,1107819.122071297,553909.5610356485
2025-02-09,4946448737.0,878924.0,1320899.2630018129,878924.0,1320899.2630018129,660449.6315009064
2025-02-10,6460757135.0,1160066.0,1725280.0527820783,1160066.0,1725280.0527820783,862640.0263910391
2025-02-11,7697596078.0,1526352.0,2055565.4221704402,1526352.0,2055565.4221704402,1027782.7110852201
2025-02-12,4999841981.0,1785473.0,1335157.3904784662,1785473.0,1335157.3904784662,667578.6952392331
2025-02-13,5026148708.0,1429188.0,1342182.336688131,1429188.0,1342182.336688131,671091.1683440655
2025-02-14,2454616880.0,1199143.0,655480.6893056475,1199143.0,655480.6893056475,327740.34465282375
2025-02-15,2679833422.0,728452.0,715622.4961171424,728452.0,715622.4961171424,357811.2480585712
2025-02-16,5138596443.0,621625.0,1372210.370573671,621625.0,1372210.370573671,686105.1852868355
2025-02-17,6656416137.0,1293655.0,1777528.8165483468,1293655.0,1777528.8165483468,888764.4082741734
2025-02-18,4008888714.0,1650014.0,1070533.3117412403,1650014.0,1070533.3117412403,535266.6558706202
2025-02-19,4910739116.0,997953.0,1311363.3687534514,997953.0,1311363.3687534514,655681.6843767257
2025-02-20,10480700249.0,1166406.0,2798765.3305881247,1166406.0,2798765.3305881247,1399382.6652940623
2025-02-21,2796204386.0,2459011.0,746698.188751458,2459011.0,746698.188751458,373349.094375729
2025-02-22,3663074017.0,883856.0,978186.9835592295,883856.0,978186.9835592295,489093.49177961476
2025-02-23,10403216609.0,697034.0,2778074.105749359,697034.0,2778074.105749359,1389037.0528746794
2025-02-24,12143036964.0,1682298.0,3242675.5899383686,1682298.0,3242675.5899383686,1621337.7949691843
2025-02-25,9582213925.0,3530681.0,2558833.6166877393,3530681.0,2558833.6166877393,1279416.8083438696
2025-02-26,6997932174.0,2186798.0,1868727.2309182885,2186798.0,1868727.2309182885,934363.6154591442
2025-02-27,10432793497.0,1577408.0,2785972.3154829103,1577408.0,2785972.3154829103,1392986.1577414551
2025-02-28,4284712660.0,2514365.0,1144189.3155454202,2514365.0,1144189.3155454202,572094.6577727101
2025-03-01,11343211438.0,1020105.0,3029090.2474034745,1020105.0,3029090.2474034745,1514545.1237017373
2025-03-02,11727404333.0,2527661.0,3131685.0864159614,2527661.0,3131685.0864159614,1565842.5432079807
2025-03-03,10274866680.0,2601512.0,2743799.5512888473,2601512.0,2743799.5512888473,1371899.7756444237
2025-03-04,6239159452.0,2556579.0,1666104.6257796476,2556579.0,1666104.6257796476,833052.3128898238
2025-03-05,7999218747.0,1471219.0,2136110.7148379986,1471219.0,2136110.7148379986,1068055.3574189993
2025-03-06,9532124116.0,1590306.0,2545457.63822119,1590306.0,2545457.63822119,1272728.819110595
2025-03-07,9256420312.0,2355655.0,2471833.717126787,2355655.0,2471833.717126787,1235916.8585633936
2025-03-08,2647739434.0,645165.0,707052.1202070707,645165.0,707052.1202070707,353526.06010353536
2025-03-09,6002900152.0,1171457.0,1603013.9617820668,1171457.0,1603013.9617820668,801506.9808910334
2025-03-10,10015810879.0,2197211.0,2674621.3115433003,2197211.0,2674621.3115433003,1337310.6557716501
2025-03-11,8249582534.0,1887475.0,2202967.8398814523,1887475.0,2202967.8398814523,1101483.9199407261
2025-03-12,7394647408.0,1559313.0,1974666.0343051415,1559313.0,1974666.0343051415,987333.0171525708
2025-03-13,4808984645.0,1135710.0,1284190.863205045,1135710.0,1284190.863205045,642095.4316025225
2025-03-14,4138290068.0,961321.0,1105088.6386470848,961321.0,1105088.6386470848,552544.3193235424
2025-03-15,2114924441.0,622454.0,564769.2483953101,622454.0,564769.2483953101,282384.62419765507
2025-03-16,3777141022.0,819521.0,1008647.4271720962,819521.0,1008647.4271720962,504323.7135860481
2025-03-17,3675385692.0,809574.0,981474.6922364008,809574.0,981474.6922364008,490737.3461182004
2025-03-18,5036523757.0,1125409.0,1344952.8889178948,1125409.0,1344952.8889178948,672476.4444589474
2025-03-19,5961689397.0,1410088.0,1592009.0451637935,1410088.0,1592009.0451637935,796004.5225818967
2025-03-20,4540248583.0,1161768.0,1212427.6073599842,1161768.0,1212427.6073599842,606213.8036799921
2025-03-21,3544118949.0,862194.0,946421.2320057568,862194.0,946421.2320057568,473210.6160028784
2025-03-22,1997651968.0,527743.0,533452.8168719443,527743.0,533452.8168719443,266726.4084359722
2025-03-23,2488758769.0,571852.0,664597.9365299544,571852.0,664597.9365299544,332298.9682649772
2025-03-24,4926613495.0,1238763.0,1315602.4616131154,1238763.0,1315602.4616131154,657801.2308065577
2025-03-25,3864176664.0,982567.0,1031889.4178375883,982567.0,1031889.4178375883,515944.7089187942
2025-03-26,4515482041.0,1131280.0,1205813.9520257646,1131280.0,1205813.9520257646,602906.9760128823
2025-03-27,2965303526.0,826734.0,791854.409158527,826734.0,791854.409158527,395927.2045792635
2025-03-28,4678610007.0,1100995.0,1249375.6306200665,1100995.0,1249375.6306200665,624687.8153100333
2025-03-29,3299894098.0,793896.0,881203.4479257219,793896.0,881203.4479257219,440601.72396286094
2025-03-30,2902347780.0,674378.0,775042.7119360133,674378.0,775042.7119360133,387521.35596800665
2025-03-31,5653680921.0,1303499.0,1509758.4871213255,1303499.0,1509758.4871213255,754879.2435606627
2025-04-01,5066927304.0,1177409.0,1353071.8496026665,1177409.0,1353071.8496026665,676535.9248013332
2025-04-02,8421264458.0,1822198.0,2248813.7667149873,1822198.0,2248813.7667149873,1124406.8833574937
2025-04-03,5750999786.0,1715095.0,1535746.5088091106,1715095.0,1535746.5088091106,767873.2544045553
2025-04-04,7816575757.0,1815068.0,2087337.7458433243,1815068.0,2087337.7458433243,1043668.8729216622
2025-04-05,2394653960.0,545156.0,639468.1960914807,545156.0,639468.1960914807,319734.09804574033
2025-04-06,7864347441.0,1772829.0,2100094.6924009523,1772829.0,2100094.6924009523,1050047.3462004762
2025-04-07,13050396812.0,3117000.0,3484976.888956286,3117000.0,3484976.888956286,1742488.444478143
2025-04-08,7894688071.0,1746313.0,2108196.85173523,1746313.0,2108196.85173523,1054098.425867615
2025-04-09,12316871104.0,2837027.0,3289096.2443551403,2837027.0,3289096.2443551403,1644548.1221775701
2025-04-10,7151454777.0,1686123.0,1909723.8941688228,1686123.0,1909723.8941688228,954861.9470844114
2025-04-11,5570657730.0,1327396.0,1487587.9810401343,1327396.0,1487587.9810401343,743793.9905200672
2025-04-12,4921987246.0,1164323.0,1314367.0684614887,1164323.0,1314367.0684614887,657183.5342307443
2025-04-13,6273525915.0,1365048.0,1675281.8432264032,1365048.0,1675281.8432264032,837640.9216132016
2025-04-14,6036561409.0,1491560.0,1612002.8610767114,1491560.0,1612002.8610767114,806001.4305383557
2025-04-15,5834578963.0,1221402.0,1558065.4853459129,1221402.0,1558065.4853459129,779032.7426729564
2025-04-16,6768721233.0,1508963.0,1807518.7601270843,1508963.0,1807518.7601270843,903759.3800635422
2025-04-17,4765029043.0,1085608.0,1272452.9628701445,1085608.0,1272452.9628701445,636226.4814350723
2025-04-18,2195737597.0,513867.0,586349.5869122704,513867.0,586349.5869122704,293174.7934561352
2025-04-19,2496966864.0,585204.0,666789.8255421763,585204.0,666789.8255421763,333394.91277108813
2025-04-20,3338483838.0,634619.0,891508.4489144407,634619.0,891508.4489144407,445754.22445722035
2025-04-21,6124360205.0,1487931.0,1635448.6443234582,1487931.0,1635448.6443234582,817724.3221617291
2025-04-22,9787326184.0,2097862.0,2613606.7774240733,2097862.0,2613606.7774240733,1306803.3887120367
2025-04-23,8197395327.0,2159393.0,2189031.772425868,2159393.0,2189031.772425868,1094515.886212934
2025-04-24,5724980030.0,1328875.0,1528798.195311631,1328875.0,1528798.195311631,764399.0976558155
2025-04-25,6994509889.0,1620653.0,1867813.344213981,1620653.0,1867813.344213981,933906.6721069905
2025-04-26,3958870218.0,828695.0,1057176.376692333,828695.0,1057176.376692333,528588.1883461665
2025-04-27,3416739406.0,783146.0,912405.8093426982,783146.0,912405.8093426982,456202.9046713491
2025-04-28,6600736799.0,1515090.0,1762660.2107183721,1515090.0,1762660.2107183721,881330.1053591861
2025-04-29,5005053206.0,1091231.0,1336548.9955729144,1091231.0,1336548.9955729144,668274.4977864572
2025-04-30,5848703745.0,1358834.0,1561837.365966913,1358834.0,1561837.365966913,780918.6829834565
2025-05-01,5887842000.0,1351095.0,1572288.8423560187,1351095.0,1572288.8423560187,786144.4211780094
2025-05-02,3972686843.0,1024658.0,1060865.967093454,1024658.0,1060865.967093454,530432.983546727
2025-05-03,2582508633.0,597229.0,689632.8924848856,597229.0,689632.8924848856,344816.4462424428
2025-05-04,3538788479.0,817513.0,944997.7837363377,817513.0,944997.7837363377,472498.89186816884
2025-05-05,4473687183.0,1464695.0,1194653.056590518,1464695.0,1194653.056590518,597326.528295259
2025-05-06,5271723516.0,1492495.0,1407760.6131741714,1492495.0,1407760.6131741714,703880.3065870857
2025-05-07,5046940514.0,1767519.0,1347734.5788485408,1767519.0,1347734.5788485408,673867.2894242704
2025-05-08,10768068499.0,2649191.0,2875504.124380889,2649191.0,2875504.124380889,1437752.0621904444
2025-05-09,9259003423.0,3015825.0,2472523.510875306,3015825.0,2472523.510875306,1236261.755437653
2025-05-10,6187499397.0,1491492.0,1652309.3289506908,1491492.0,1652309.3289506908,826154.6644753454
2025-05-11,6494073457.0,2233125.0,1734176.8406627553,2233125.0,1734176.8406627553,867088.4203313777
2025-05-12,11384520557.0,3408787.0,3040121.4311362,3408787.0,3040121.4311362,1520060.7155681
2025-05-13,8517304843.0,2468186.0,2274460.383208955,2468186.0,2274460.383208955,1137230.1916044776
2025-05-14,6906899662.0,2026519.0,1844417.9164174509,2026519.0,1844417.9164174509,922208.9582087254
2025-05-15,7646456191.0,2191225.0,2041909.030961327,2191225.0,2041909.030961327,1020954.5154806635
2025-05-16,6361695035.0,1765154.0,1698826.5177635849,1765154.0,1698826.5177635849,849413.2588817924
2025-05-17,4078844315.0,1235622.0,1089214.2496659688,1235622.0,1089214.2496659688,544607.1248329844
2025-05-18,7921552239.0,2135586.0,2115370.656943586,2135586.0,2115370.656943586,1057685.328471793
2025-05-19,9170288951.0,2667980.0,2448833.205584997,2667980.0,2448833.205584997,1224416.6027924984
2025-05-20,10853806990.0,3097173.0,2898399.7239502626,3097173.0,2898399.7239502626,1449199.8619751313
2025-05-21,17730719571.0,4645476.0,4734809.8927292535,4645476.0,4734809.8927292535,2367404.9463646268
2025-05-22,11555436491.0,3697213.0,3085762.8080632742,3697213.0,3085762.8080632742,1542881.4040316371
2025-05-23,13065804489.0,3872157.0,3489091.3537523393,3872157.0,3489091.3537523393,1744545.6768761696
2025-05-24,7316003022.0,1772587.0,1953664.8439502136,1772587.0,1953664.8439502136,976832.4219751068
2025-05-25,8979956918.0,2509394.0,2398006.955181396,2509394.0,2398006.955181396,1199003.477590698
2025-05-26,6930678718.0,2008565.0,1850767.873571627,2008565.0,1850767.873571627,925383.9367858135
2025-05-27,11245619840.0,3093316.0,3003029.3951178505,3093316.0,3003029.3951178505,1501514.6975589253
2025-05-28,9210037729.0,2528143.0,2459447.715985698,2528143.0,2459447.715985698,1229723.857992849
2025-05-29,10792440150.0,3133950.0,2882012.3280550186,3133950.0,2882012.3280550186,1441006.1640275093
2025-05-30,11086221730.0,3017044.0,2960463.7369623436,3017044.0,2960463.7369623436,1480231.8684811718
2025-05-31,4057816221.0,1266132.0,1083598.9091775161,1266132.0,1083598.9091775161,541799.4545887581
2025-06-01,3762919446.0,1073894.0,1004849.6986893145,1073894.0,1004849.6986893145,502424.84934465727
2025-06-02,6494534853.0,1825242.0,1734300.051812563,1825242.0,1734300.051812563,867150.0259062815
2025-06-03,7071360100.0,2155772.0,1888335.4182247994,2155772.0,1888335.4182247994,944167.7091123997
2025-06-04,5723199841.0,1798068.0,1528322.8137878089,1798068.0,1528322.8137878089,764161.4068939044
2025-06-05,10606854161.0,3093273.0,2832453.46084997,3093273.0,2832453.46084997,1416226.730424985
2025-06-06,6025947563.0,1869461.0,1609168.540515751,1869461.0,1609168.540515751,804584.2702578756
2025-06-07,2999468683.0,918833.0,800977.869867636,918833.0,800977.869867636,400488.934933818
2025-06-08,3118092443.0,820745.0,832655.1489600978,820745.0,832655.1489600978,416327.5744800489
2025-06-09,8080200314.0,,2157736.025814517,2157736.025814517,2157736.025814517,1078868.0129072585
2025-06-10,8918027050.0,2769078.0,2381469.208335441,2769078.0,2381469.208335441,1190734.6041677205
2025-06-11,8783536295.0,2778271.0,2345554.8082060665,2778271.0,2345554.8082060665,1172777.4041030332
2025-06-12,11778219074.0,3036346.0,3145254.6506640357,3036346.0,3145254.6506640357,1572627.3253320178
2025-06-13,10844721004.0,4035028.0,2895973.402997764,4035028.0,2895973.402997764,1447986.701498882
2025-06-14,4430536053.0,1353343.0,1183129.982392186,1353343.0,1183129.982392186,591564.991196093
2025-06-15,4228964590.0,1190441.0,1129302.355527831,1190441.0,1129302.355527831,564651.1777639155
2025-06-16,10599887221.0,2687855.0,2830593.009766642,2687855.0,2830593.009766642,1415296.504883321
2025-06-17,10525334690.0,3629381.0,2810684.50803363,3629381.0,2810684.50803363,1405342.254016815
2025-06-18,7989933625.0,2381361.0,2133631.216624474,2381361.0,2133631.216624474,1066815.608312237
2025-06-19,5171389456.0,1543041.0,1380967.4140621235,1543041.0,1380967.4140621235,690483.7070310618
2025-06-20,9028263333.0,2654384.0,2410906.696261187,2654384.0,2410906.696261187,1205453.3481305935
2025-06-21,6432147271.0,1683438.0,1717640.0770577767,1683438.0,1717640.0770577767,858820.0385288884
2025-06-22,12079495133.0,3817622.0,3225707.3846257646,3817622.0,3225707.3846257646,1612853.6923128823
2025-06-23,13820162567.0,4088409.0,3690535.072721111,4088409.0,3690535.072721111,1845267.5363605556
2025-06-24,7540232399.0,2231314.0,2013543.0383014788,2231314.0,2013543.0383014788,1006771.5191507394
2025-06-25,6899565851.0,2108136.0,1842459.4961325233,2108136.0,1842459.4961325233,921229.7480662616
2025-06-26,6064109221.0,1748548.0,1619359.226522476,1748548.0,1619359.226522476,809679.613261238
2025-06-27,5447311858.0,1531122.0,1454649.7095484275,1531122.0,1454649.7095484275,727324.8547742137
2025-06-28,1989349904.0,620982.0,531235.8343857082,620982.0,531235.8343857082,265617.9171928541
2025-06-29,3857235062.0,1051348.0,1030035.7330116918,1051348.0,1030035.7330116918,515017.8665058459
2025-06-30,6013624456.0,1819151.0,1605877.7790382423,1819151.0,1605877.7790382423,802938.8895191211
2025-07-01,6037020299.0,1816191.0,1612125.403024486,1816191.0,1612125.403024486,806062.701512243
2025-07-02,8748322034.0,2615129.0,2336151.194851273,2615129.0,2336151.194851273,1168075.5974256366
2025-07-03,6187649489.0,1992491.0,1652349.409505999,1992491.0,1652349.409505999,826174.7047529995
2025-07-04,5818443688.0,1655997.0,1553756.7228399138,1655997.0,1553756.7228399138,776878.3614199569
2025-07-05,2435996830.0,738115.0,650508.392688464,738115.0,650508.392688464,325254.196344232
2025-07-06,4306421079.0,1253945.0,1149986.3299657952,1253945.0,1149986.3299657952,574993.1649828976
2025-07-07,5302734324.0,1609510.0,1416041.7367863276,1609510.0,1416041.7367863276,708020.8683931638
2025-07-08,5275995593.0,1645101.0,1408901.428264112,1645101.0,1408901.428264112,704450.714132056
2025-07-09,8683791749.0,2715771.0,2318919.0328639857,2715771.0,2318919.0328639857,1159459.5164319929
2025-07-10,11246358165.0,3477078.0,3003226.557364992,3477078.0,3003226.557364992,1501613.278682496
2025-07-11,12177738273.0,3826694.0,3251942.2246333635,3826694.0,3251942.2246333635,1625971.1123166818
2025-07-12,5408681122.0,1770374.0,1444333.760991248,1770374.0,1444333.760991248,722166.880495624
2025-07-13,6523360941.0,2010837.0,1741997.7679760018,2010837.0,1741997.7679760018,870998.8839880009
2025-07-14,13274226437.0,4078145.0,3544748.3335664216,4078145.0,3544748.3335664216,1772374.1667832108
2025-07-15,17624890149.0,5057985.0,4706549.212601698,5057985.0,4706549.212601698,2353274.606300849
2025-07-16,14792562336.0,4550411.0,3950204.6268817475,4550411.0,3950204.6268817475,1975102.3134408738
2025-07-17,16946528076.0,4890250.0,4525399.460543916,4890250.0,4525399.460543916,2262699.730271958
2025-07-18,17618968644.0,5177109.0,4704967.934394597,5177109.0,4704967.934394597,2352483.9671972985
2025-07-19,7810736011.0,1734159.0,2085778.3005528438,1734159.0,2085778.3005528438,1042889.1502764219
2025-07-20,,3150148.0,,3150148.0,,
2025-07-21,,4272087.0,,4272087.0,,
2025-07-22,,4792199.0,,4792199.0,,
2025-07-23,,3992938.0,,3992938.0,,
2025-07-24,,3680503.0,,3680503.0,,
2025-07-25,,4404829.0,,4404829.0,,
2025-07-26,,1664461.0,,1664461.0,,
2025-07-27,,2122939.0,,2122939.0,,
2025-07-28,,3405528.0,,3405528.0,,
2025-07-29,,3183872.0,,3183872.0,,
2025-07-30,,2804583.0,,2804583.0,,
2025-07-31,,3037872.0,,3037872.0,,
2025-08-01,,4946919.0,,4946919.0,,
2025-08-02,,2291904.0,,2291904.0,,
2025-08-03,,1676039.0,,1676039.0,,
2025-08-04,,2518348.0,,2518348.0,,
2025-08-05,,2705667.0,,2705667.0,,
2025-08-06,,2190505.0,,2190505.0,,
