tvl_usd,beta,revenue_usd,megaeth_take_usd
0.0,1.0,0.0,0.0
1000000.0,1.0,1655734.7016304347,255397.07772649455
2000000.0,1.0,3311469.4032608694,524867.9004168478
3000000.0,1.0,4967204.104891305,808412.4680710599
4000000.0,1.0,6622938.806521739,1106030.7806891303
5000000.0,1.0,8278673.508152175,1417722.8382710598
6000000.0,1.0,9934408.20978261,1743488.6408168478
7000000.0,1.0,11590142.911413044,2083328.1883264945
8000000.0,1.0,13245877.613043478,2437241.4808
9000000.0,1.0,14901612.314673914,2805228.5182373645
10000000.0,1.0,16557347.01630435,3187289.300638587
11000000.0,1.0,18213081.71793478,3583423.8280036678
12000000.0,1.0,19868816.41956522,3993632.100332609
13000000.0,1.0,21524551.12119565,4417914.117625407
14000000.0,1.0,23180285.822826087,4856269.879882066
15000000.0,1.0,24836020.524456523,5308699.387102582
16000000.0,1.0,26491755.226086956,5775202.639286957
17000000.0,1.0,28147489.927717395,6255779.636435191
18000000.0,1.0,29803224.629347827,6750430.378547282
19000000.0,1.0,31458959.33097826,7259154.865623234
20000000.0,1.0,33114694.0326087,7781953.097663044
21000000.0,1.0,34770428.73423913,8318825.0746667115
22000000.0,1.0,36426163.43586956,8869770.796634238
23000000.0,1.0,38081898.1375,9434790.263565626
24000000.0,1.0,39737632.83913044,10013883.47546087
25000000.0,1.0,41393367.540760875,10607050.432319973
26000000.0,1.0,43049102.2423913,11214291.134142935
27000000.0,1.0,44704836.94402174,11835605.580929754
28000000.0,1.0,46360571.645652175,12470993.772680435
29000000.0,1.0,48016306.34728261,13120455.709394973
30000000.0,1.0,49672041.04891305,13783991.391073368
31000000.0,1.0,51327775.75054348,14461600.817715626
32000000.0,1.0,52983510.45217391,15153283.98932174
33000000.0,1.0,54639245.153804354,15859040.905891715
34000000.0,1.0,56294979.85543479,16578871.567425545
35000000.0,1.0,57950714.55706522,17312775.973923232
36000000.0,1.0,59606449.258695655,18060754.12538478
37000000.0,1.0,61262183.96032609,18822806.021810193
38000000.0,1.0,62917918.66195652,19598931.663199455
39000000.0,1.0,64573653.363586955,20389131.04955258
40000000.0,1.0,66229388.0652174,21193404.18086957
41000000.0,1.0,67885122.76684783,22011751.05715041
42000000.0,1.0,69540857.46847826,22844171.67839511
43000000.0,1.0,71196592.1701087,23690666.044603672
44000000.0,1.0,72852326.87173912,24551234.15577608
45000000.0,1.0,74508061.57336956,25425876.011912365
46000000.0,1.0,76163796.275,26314591.613012504
47000000.0,1.0,77819530.97663045,27217380.9590765
48000000.0,1.0,79475265.67826088,28134244.05010435
49000000.0,1.0,81131000.3798913,29065180.886096057
50000000.0,1.0,82786735.08152175,30010191.467051633
51000000.0,1.0,84442469.78315218,30969275.792971063
52000000.0,1.0,86098204.4847826,31942433.863854345
53000000.0,1.0,87753939.18641305,32929665.679701496
54000000.0,1.0,89409673.88804348,33930971.2405125
55000000.0,1.0,91065408.58967392,34946350.54628737
56000000.0,1.0,92721143.29130435,35975803.59702609
57000000.0,1.0,94376877.99293478,37019330.392728664
58000000.0,1.0,96032612.69456522,38076930.93339511
59000000.0,1.0,97688347.39619567,39148605.2190254
60000000.0,1.0,99344082.0978261,40234353.24961957
61000000.0,1.0,100999816.79945652,41334175.02517758
62000000.0,1.0,102655551.50108697,42448070.545699455
63000000.0,1.0,104311286.2027174,43576039.81118519
64000000.0,1.0,105967020.90434782,44718082.821634784
65000000.0,1.0,107622755.60597827,45874199.577048235
66000000.0,1.0,109278490.30760871,47044390.07742555
67000000.0,1.0,110934225.00923914,48228654.322766714
68000000.0,1.0,112589959.71086958,49426992.31307174
69000000.0,1.0,114245694.4125,50639404.048340626
70000000.0,1.0,115901429.11413044,51865889.52857337
71000000.0,1.0,117557163.81576087,53106448.75376997
72000000.0,1.0,119212898.51739131,54361081.72393043
73000000.0,1.0,120868633.21902175,55629788.439054765
74000000.0,1.0,122524367.92065218,56912568.89914294
75000000.0,1.0,124180102.62228261,58209423.10419498
76000000.0,1.0,125835837.32391304,59520351.054210864
77000000.0,1.0,127491572.02554348,60845352.74919062
78000000.0,1.0,129147306.72717391,62184428.18913424
79000000.0,1.0,130803041.42880435,63537577.374041714
80000000.0,1.0,132458776.1304348,64904800.30391305
81000000.0,1.0,134114510.83206522,66286096.97874823
82000000.0,1.0,135770245.53369567,67681467.39854728
83000000.0,1.0,137425980.23532608,69090911.56331019
84000000.0,1.0,139081714.93695652,70514429.47303696
85000000.0,1.0,140737449.63858694,71952021.12772757
86000000.0,1.0,142393184.3402174,73403686.52738208
87000000.0,1.0,144048919.04184785,74869425.67200042
88000000.0,1.0,145704653.74347824,76349238.5615826
89000000.0,1.0,147360388.4451087,77843125.19612868
90000000.0,1.0,149016123.14673913,79351085.57563858
91000000.0,1.0,150671857.84836957,80873119.70011236
92000000.0,1.0,152327592.55,82409227.56955001
93000000.0,1.0,153983327.25163046,83959409.18395151
94000000.0,1.0,155639061.9532609,85523664.54331686
95000000.0,1.0,157294796.6548913,87101993.64764605
96000000.0,1.0,158950531.35652176,88694396.49693912
97000000.0,1.0,160606266.05815217,90300873.09119606
98000000.0,1.0,162262000.7597826,91921423.43041685
99000000.0,1.0,163917735.46141306,93556047.5146015
100000000.0,1.0,165573470.1630435,95204745.34375
101000000.0,1.0,167229204.8646739,96867516.91786237
102000000.0,1.0,168884939.56630436,98544362.2369386
103000000.0,1.0,170540674.2679348,100235281.30097868
104000000.0,1.0,172196408.9695652,101940274.1099826
105000000.0,1.0,173852143.67119566,103659340.6639504
106000000.0,1.0,175507878.3728261,105392480.96288207
107000000.0,1.0,177163613.07445654,107139695.0067776
108000000.0,1.0,178819347.77608696,108900982.79563695
109000000.0,1.0,180475082.4777174,110676344.32946019
110000000.0,1.0,182130817.17934784,112465779.6082473
111000000.0,1.0,183786551.88097826,114269288.63199824
112000000.0,1.0,185442286.5826087,116086871.40071304
113000000.0,1.0,187098021.28423914,117918527.91439171
114000000.0,1.0,188753755.98586956,119764258.17303422
115000000.0,1.0,190409490.6875,121624062.17664063
116000000.0,1.0,192065225.38913044,123497939.92521088
117000000.0,1.0,193720960.09076086,125385891.41874497
118000000.0,1.0,195376694.79239133,127287916.65724294
119000000.0,1.0,197032429.49402174,129204015.64070477
120000000.0,1.0,198688164.1956522,131134188.36913045
121000000.0,1.0,200343898.8972826,133078434.84251997
122000000.0,1.0,201999633.59891304,135036755.06087336
123000000.0,1.0,203655368.3005435,137009149.02419063
124000000.0,1.0,205311103.00217393,138995616.73247176
125000000.0,1.0,206966837.70380434,140996158.18571672
126000000.0,1.0,208622572.4054348,143010773.38392556
127000000.0,1.0,210278307.10706526,145039462.32709825
128000000.0,1.0,211934041.80869564,147082225.0152348
129000000.0,1.0,213589776.5103261,149139061.4483352
130000000.0,1.0,215245511.21195653,151209971.62639946
131000000.0,1.0,216901245.91358694,153294955.54942757
132000000.0,1.0,218556980.61521742,155394013.2174196
133000000.0,1.0,220212715.3168478,157507144.63037542
134000000.0,1.0,221868450.01847827,159634349.78829512
135000000.0,1.0,223524184.7201087,161775628.69117865
136000000.0,1.0,225179919.42173916,163930981.3390261
137000000.0,1.0,226835654.1233696,166100407.73183742
138000000.0,1.0,228491388.825,168283907.86961251
139000000.0,1.0,230147123.52663043,170481481.7523515
140000000.0,1.0,231802858.22826087,172693129.38005435
141000000.0,1.0,233458592.92989135,174918850.75272107
142000000.0,1.0,235114327.63152173,177158645.87035164
143000000.0,1.0,236770062.3331522,179412514.7329461
144000000.0,1.0,238425797.03478262,181680457.34050435
145000000.0,1.0,240081531.73641303,183962473.69302648
146000000.0,1.0,241737266.4380435,186258563.79051253
147000000.0,1.0,243393001.1396739,188568727.63296235
148000000.0,1.0,245048735.84130436,190892965.2203761
149000000.0,1.0,246704470.54293478,193231276.55275366
150000000.0,1.0,248360205.24456522,195583661.6300951
151000000.0,1.0,250015939.9461957,197950120.45240045
152000000.0,1.0,251671674.64782608,200330653.01966956
153000000.0,1.0,253327409.34945655,202725259.3319026
154000000.0,1.0,254983144.05108696,205133939.38909945
155000000.0,1.0,256638878.75271744,207556693.19126022
156000000.0,1.0,258294613.45434782,209993520.73838478
157000000.0,1.0,259950348.15597823,212444422.03047323
158000000.0,1.0,261606082.8576087,214909397.06752557
159000000.0,1.0,263261817.55923915,217388445.84954172
160000000.0,1.0,264917552.2608696,219881568.37652177
161000000.0,1.0,266573286.96249998,222388764.6484656
162000000.0,1.0,268229021.66413045,224910034.66537338
163000000.0,1.0,269884756.36576086,227445378.42724496
164000000.0,1.0,271540491.06739134,229994795.93408045
165000000.0,1.0,273196225.76902175,232558287.18587977
166000000.0,1.0,274851960.47065216,235135852.18264294
167000000.0,1.0,276507695.17228264,237727490.92437
168000000.0,1.0,278163429.87391305,240333203.41106087
169000000.0,1.0,279819164.5755435,242952989.6427157
170000000.0,1.0,281474899.2771739,245586849.61933422
171000000.0,1.0,283130633.97880435,248234783.34091672
172000000.0,1.0,284786368.6804348,250896790.80746308
173000000.0,1.0,286442103.38206524,253572872.01897323
174000000.0,1.0,288097838.0836957,256263026.97544736
175000000.0,1.0,289753572.78532606,258967255.6768852
176000000.0,1.0,291409307.4869565,261685558.12328693
177000000.0,1.0,293065042.18858695,264417934.31465256
178000000.0,1.0,294720776.8902174,267164384.25098208
179000000.0,1.0,296376511.59184784,269924907.9322754
180000000.0,1.0,298032246.29347825,272699505.3585326
181000000.0,1.0,299687980.9951087,275488176.5297537
182000000.0,1.0,301343715.69673914,278290921.4459386
183000000.0,1.0,302999450.39836955,281107740.1070874
184000000.0,1.0,304655185.1,283938632.51320004
185000000.0,1.0,306310919.80163044,286783598.6642765
186000000.0,1.0,307966654.5032609,289642638.56031686
187000000.0,1.0,309622389.2048913,292515752.20132107
188000000.0,1.0,311278123.9065218,295402939.5872892
189000000.0,1.0,312933858.60815215,298304200.71822107
190000000.0,1.0,314589593.3097826,301219535.59411687
191000000.0,1.0,316245328.01141304,304148944.2149765
192000000.0,1.0,317901062.7130435,307092426.5808
193000000.0,1.0,319556797.414674,310049982.69158745
194000000.0,1.0,321212532.11630434,313021612.5473386
195000000.0,1.0,322868266.8179348,316007316.1480537
196000000.0,1.0,324524001.5195652,319007093.49373263
197000000.0,1.0,326179736.22119564,322020944.58437544
198000000.0,1.0,327835470.9228261,325048869.4199821
199000000.0,1.0,329491205.6244565,328090868.0005526
200000000.0,1.0,331146940.326087,331146940.326087
201000000.0,1.0,332802675.0277174,332802675.0277174
202000000.0,1.0,334458409.7293478,334458409.7293478
203000000.0,1.0,336114144.43097824,336114144.43097824
204000000.0,1.0,337769879.1326087,337769879.1326087
205000000.0,1.0,339425613.8342391,339425613.8342391
206000000.0,1.0,341081348.5358696,341081348.5358696
207000000.0,1.0,342737083.2375001,342737083.2375001
208000000.0,1.0,344392817.9391304,344392817.9391304
209000000.0,1.0,346048552.64076084,346048552.64076084
210000000.0,1.0,347704287.3423913,347704287.3423913
211000000.0,1.0,349360022.0440217,349360022.0440217
212000000.0,1.0,351015756.7456522,351015756.7456522
213000000.0,1.0,352671491.4472826,352671491.4472826
214000000.0,1.0,354327226.1489131,354327226.1489131
215000000.0,1.0,355982960.8505435,355982960.8505435
216000000.0,1.0,357638695.5521739,357638695.5521739
217000000.0,1.0,359294430.2538043,359294430.2538043
218000000.0,1.0,360950164.9554348,360950164.9554348
219000000.0,1.0,362605899.6570653,362605899.6570653
220000000.0,1.0,364261634.3586957,364261634.3586957
221000000.0,1.0,365917369.06032616,365917369.06032616
222000000.0,1.0,367573103.7619565,367573103.7619565
223000000.0,1.0,369228838.4635869,369228838.4635869
224000000.0,1.0,370884573.1652174,370884573.1652174
225000000.0,1.0,372540307.8668479,372540307.8668479
226000000.0,1.0,374196042.5684783,374196042.5684783
227000000.0,1.0,375851777.2701087,375851777.2701087
228000000.0,1.0,377507511.9717391,377507511.9717391
229000000.0,1.0,379163246.6733696,379163246.6733696
230000000.0,1.0,380818981.375,380818981.375
231000000.0,1.0,382474716.0766304,382474716.0766304
232000000.0,1.0,384130450.7782609,384130450.7782609
233000000.0,1.0,385786185.47989136,385786185.47989136
234000000.0,1.0,387441920.1815217,387441920.1815217
235000000.0,1.0,389097654.8831522,389097654.8831522
236000000.0,1.0,390753389.58478266,390753389.58478266
237000000.0,1.0,392409124.286413,392409124.286413
238000000.0,1.0,394064858.9880435,394064858.9880435
239000000.0,1.0,395720593.6896739,395720593.6896739
240000000.0,1.0,397376328.3913044,397376328.3913044
241000000.0,1.0,399032063.09293485,399032063.09293485
242000000.0,1.0,400687797.7945652,400687797.7945652
243000000.0,1.0,402343532.4961957,402343532.4961957
244000000.0,1.0,403999267.1978261,403999267.1978261
245000000.0,1.0,405655001.89945656,405655001.89945656
246000000.0,1.0,407310736.601087,407310736.601087
247000000.0,1.0,408966471.3027174,408966471.3027174
248000000.0,1.0,410622206.00434786,410622206.00434786
249000000.0,1.0,412277940.7059782,412277940.7059782
250000000.0,1.0,413933675.4076087,413933675.4076087
251000000.0,1.0,415589410.10923916,415589410.10923916
252000000.0,1.0,417245144.8108696,417245144.8108696
253000000.0,1.0,418900879.51250005,418900879.51250005
254000000.0,1.0,420556614.2141305,420556614.2141305
255000000.0,1.0,422212348.9157609,422212348.9157609
256000000.0,1.0,423868083.6173913,423868083.6173913
257000000.0,1.0,425523818.3190217,425523818.3190217
258000000.0,1.0,427179553.0206522,427179553.0206522
259000000.0,1.0,428835287.7222826,428835287.7222826
260000000.0,1.0,430491022.42391306,430491022.42391306
261000000.0,1.0,432146757.12554353,432146757.12554353
262000000.0,1.0,433802491.8271739,433802491.8271739
263000000.0,1.0,435458226.52880436,435458226.52880436
264000000.0,1.0,437113961.23043483,437113961.23043483
265000000.0,1.0,438769695.9320653,438769695.9320653
266000000.0,1.0,440425430.6336956,440425430.6336956
267000000.0,1.0,442081165.3353261,442081165.3353261
268000000.0,1.0,443736900.03695655,443736900.03695655
269000000.0,1.0,445392634.7385869,445392634.7385869
270000000.0,1.0,447048369.4402174,447048369.4402174
271000000.0,1.0,448704104.14184785,448704104.14184785
272000000.0,1.0,450359838.8434783,450359838.8434783
273000000.0,1.0,452015573.54510874,452015573.54510874
274000000.0,1.0,453671308.2467392,453671308.2467392
275000000.0,1.0,455327042.94836956,455327042.94836956
276000000.0,1.0,456982777.65,456982777.65
277000000.0,1.0,458638512.35163045,458638512.35163045
278000000.0,1.0,460294247.05326086,460294247.05326086
279000000.0,1.0,461949981.75489134,461949981.75489134
280000000.0,1.0,463605716.45652175,463605716.45652175
281000000.0,1.0,465261451.1581522,465261451.1581522
282000000.0,1.0,466917185.8597827,466917185.8597827
283000000.0,1.0,468572920.56141305,468572920.56141305
284000000.0,1.0,470228655.26304346,470228655.26304346
285000000.0,1.0,471884389.96467394,471884389.96467394
286000000.0,1.0,473540124.6663044,473540124.6663044
287000000.0,1.0,475195859.36793476,475195859.36793476
288000000.0,1.0,476851594.06956524,476851594.06956524
289000000.0,1.0,478507328.7711957,478507328.7711957
290000000.0,1.0,480163063.47282606,480163063.47282606
291000000.0,1.0,481818798.17445654,481818798.17445654
292000000.0,1.0,483474532.876087,483474532.876087
293000000.0,1.0,485130267.5777173,485130267.5777173
294000000.0,1.0,486786002.2793478,486786002.2793478
295000000.0,1.0,488441736.98097825,488441736.98097825
296000000.0,1.0,490097471.6826087,490097471.6826087
297000000.0,1.0,491753206.38423914,491753206.38423914
298000000.0,1.0,493408941.08586955,493408941.08586955
299000000.0,1.0,495064675.7875,495064675.7875
300000000.0,1.0,496720410.48913044,496720410.48913044
301000000.0,1.0,498376145.1907609,498376145.1907609
302000000.0,1.0,500031879.8923914,500031879.8923914
303000000.0,1.0,501687614.59402186,501687614.59402186
304000000.0,1.0,503343349.29565215,503343349.29565215
305000000.0,1.0,504999083.9972826,504999083.9972826
306000000.0,1.0,506654818.6989131,506654818.6989131
307000000.0,1.0,508310553.40054345,508310553.40054345
308000000.0,1.0,509966288.1021739,509966288.1021739
309000000.0,1.0,511622022.8038044,511622022.8038044
310000000.0,1.0,513277757.5054349,513277757.5054349
311000000.0,1.0,514933492.2070652,514933492.2070652
312000000.0,1.0,516589226.90869564,516589226.90869564
313000000.0,1.0,518244961.6103261,518244961.6103261
314000000.0,1.0,519900696.31195647,519900696.31195647
315000000.0,1.0,521556431.01358694,521556431.01358694
316000000.0,1.0,523212165.7152174,523212165.7152174
317000000.0,1.0,524867900.4168479,524867900.4168479
318000000.0,1.0,526523635.1184783,526523635.1184783
319000000.0,1.0,528179369.8201087,528179369.8201087
320000000.0,1.0,529835104.5217392,529835104.5217392
321000000.0,1.0,531490839.2233695,531490839.2233695
322000000.0,1.0,533146573.92499995,533146573.92499995
323000000.0,1.0,534802308.6266304,534802308.6266304
324000000.0,1.0,536458043.3282609,536458043.3282609
325000000.0,1.0,538113778.0298913,538113778.0298913
326000000.0,1.0,539769512.7315217,539769512.7315217
327000000.0,1.0,541425247.4331522,541425247.4331522
328000000.0,1.0,543080982.1347827,543080982.1347827
329000000.0,1.0,544736716.836413,544736716.836413
330000000.0,1.0,546392451.5380435,546392451.5380435
331000000.0,1.0,548048186.239674,548048186.239674
332000000.0,1.0,549703920.9413043,549703920.9413043
333000000.0,1.0,551359655.6429348,551359655.6429348
334000000.0,1.0,553015390.3445653,553015390.3445653
335000000.0,1.0,554671125.0461956,554671125.0461956
336000000.0,1.0,556326859.7478261,556326859.7478261
337000000.0,1.0,557982594.4494566,557982594.4494566
338000000.0,1.0,559638329.151087,559638329.151087
339000000.0,1.0,561294063.8527174,561294063.8527174
340000000.0,1.0,562949798.5543478,562949798.5543478
341000000.0,1.0,564605533.2559782,564605533.2559782
342000000.0,1.0,566261267.9576087,566261267.9576087
343000000.0,1.0,567917002.6592392,567917002.6592392
344000000.0,1.0,569572737.3608696,569572737.3608696
345000000.0,1.0,571228472.0625,571228472.0625
346000000.0,1.0,572884206.7641305,572884206.7641305
347000000.0,1.0,574539941.465761,574539941.465761
348000000.0,1.0,576195676.1673914,576195676.1673914
349000000.0,1.0,577851410.8690217,577851410.8690217
350000000.0,1.0,579507145.5706521,579507145.5706521
351000000.0,1.0,581162880.2722826,581162880.2722826
352000000.0,1.0,582818614.973913,582818614.973913
353000000.0,1.0,584474349.6755434,584474349.6755434
354000000.0,1.0,586130084.3771739,586130084.3771739
355000000.0,1.0,587785819.0788044,587785819.0788044
356000000.0,1.0,589441553.7804348,589441553.7804348
357000000.0,1.0,591097288.4820653,591097288.4820653
358000000.0,1.0,592753023.1836957,592753023.1836957
359000000.0,1.0,594408757.885326,594408757.885326
360000000.0,1.0,596064492.5869565,596064492.5869565
361000000.0,1.0,597720227.288587,597720227.288587
362000000.0,1.0,599375961.9902174,599375961.9902174
363000000.0,1.0,601031696.6918478,601031696.6918478
364000000.0,1.0,602687431.3934783,602687431.3934783
365000000.0,1.0,604343166.0951087,604343166.0951087
366000000.0,1.0,605998900.7967391,605998900.7967391
367000000.0,1.0,607654635.4983696,607654635.4983696
368000000.0,1.0,609310370.2,609310370.2
369000000.0,1.0,610966104.9016305,610966104.9016305
370000000.0,1.0,612621839.6032609,612621839.6032609
371000000.0,1.0,614277574.3048913,614277574.3048913
372000000.0,1.0,615933309.0065218,615933309.0065218
373000000.0,1.0,617589043.7081522,617589043.7081522
374000000.0,1.0,619244778.4097826,619244778.4097826
375000000.0,1.0,620900513.1114131,620900513.1114131
376000000.0,1.0,622556247.8130436,622556247.8130436
377000000.0,1.0,624211982.5146738,624211982.5146738
378000000.0,1.0,625867717.2163043,625867717.2163043
379000000.0,1.0,627523451.9179348,627523451.9179348
380000000.0,1.0,629179186.6195652,629179186.6195652
381000000.0,1.0,630834921.3211956,630834921.3211956
382000000.0,1.0,632490656.0228261,632490656.0228261
383000000.0,1.0,634146390.7244565,634146390.7244565
384000000.0,1.0,635802125.426087,635802125.426087
385000000.0,1.0,637457860.1277175,637457860.1277175
386000000.0,1.0,639113594.829348,639113594.829348
387000000.0,1.0,640769329.5309782,640769329.5309782
388000000.0,1.0,642425064.2326087,642425064.2326087
389000000.0,1.0,644080798.9342391,644080798.9342391
390000000.0,1.0,645736533.6358696,645736533.6358696
391000000.0,1.0,647392268.3375,647392268.3375
392000000.0,1.0,649048003.0391304,649048003.0391304
393000000.0,1.0,650703737.7407609,650703737.7407609
394000000.0,1.0,652359472.4423913,652359472.4423913
395000000.0,1.0,654015207.1440217,654015207.1440217
396000000.0,1.0,655670941.8456522,655670941.8456522
397000000.0,1.0,657326676.5472826,657326676.5472826
398000000.0,1.0,658982411.248913,658982411.248913
399000000.0,1.0,660638145.9505435,660638145.9505435
400000000.0,1.0,662293880.652174,662293880.652174
401000000.0,1.0,663949615.3538043,663949615.3538043
402000000.0,1.0,665605350.0554348,665605350.0554348
403000000.0,1.0,667261084.7570653,667261084.7570653
404000000.0,1.0,668916819.4586957,668916819.4586957
405000000.0,1.0,670572554.160326,670572554.160326
406000000.0,1.0,672228288.8619565,672228288.8619565
407000000.0,1.0,673884023.563587,673884023.563587
408000000.0,1.0,675539758.2652174,675539758.2652174
409000000.0,1.0,677195492.9668479,677195492.9668479
410000000.0,1.0,678851227.6684783,678851227.6684783
411000000.0,1.0,680506962.3701087,680506962.3701087
412000000.0,1.0,682162697.0717392,682162697.0717392
413000000.0,1.0,683818431.7733697,683818431.7733697
414000000.0,1.0,685474166.4750001,685474166.4750001
415000000.0,1.0,687129901.1766304,687129901.1766304
416000000.0,1.0,688785635.8782609,688785635.8782609
417000000.0,1.0,690441370.5798913,690441370.5798913
418000000.0,1.0,692097105.2815217,692097105.2815217
419000000.0,1.0,693752839.9831522,693752839.9831522
420000000.0,1.0,695408574.6847826,695408574.6847826
421000000.0,1.0,697064309.3864131,697064309.3864131
422000000.0,1.0,698720044.0880435,698720044.0880435
423000000.0,1.0,700375778.7896739,700375778.7896739
424000000.0,1.0,702031513.4913044,702031513.4913044
425000000.0,1.0,703687248.1929348,703687248.1929348
426000000.0,1.0,705342982.8945652,705342982.8945652
427000000.0,1.0,706998717.5961957,706998717.5961957
428000000.0,1.0,708654452.2978262,708654452.2978262
429000000.0,1.0,710310186.9994565,710310186.9994565
430000000.0,1.0,711965921.701087,711965921.701087
431000000.0,1.0,713621656.4027175,713621656.4027175
432000000.0,1.0,715277391.1043478,715277391.1043478
433000000.0,1.0,716933125.8059782,716933125.8059782
434000000.0,1.0,718588860.5076087,718588860.5076087
435000000.0,1.0,720244595.2092391,720244595.2092391
436000000.0,1.0,721900329.9108696,721900329.9108696
437000000.0,1.0,723556064.6125001,723556064.6125001
438000000.0,1.0,725211799.3141305,725211799.3141305
439000000.0,1.0,726867534.0157609,726867534.0157609
440000000.0,1.0,728523268.7173914,728523268.7173914
441000000.0,1.0,730179003.4190218,730179003.4190218
442000000.0,1.0,731834738.1206523,731834738.1206523
443000000.0,1.0,733490472.8222826,733490472.8222826
444000000.0,1.0,735146207.523913,735146207.523913
445000000.0,1.0,736801942.2255435,736801942.2255435
446000000.0,1.0,738457676.9271739,738457676.9271739
447000000.0,1.0,740113411.6288043,740113411.6288043
448000000.0,1.0,741769146.3304348,741769146.3304348
449000000.0,1.0,743424881.0320653,743424881.0320653
450000000.0,1.0,745080615.7336957,745080615.7336957
451000000.0,1.0,746736350.4353261,746736350.4353261
452000000.0,1.0,748392085.1369566,748392085.1369566
453000000.0,1.0,750047819.8385869,750047819.8385869
454000000.0,1.0,751703554.5402174,751703554.5402174
455000000.0,1.0,753359289.2418479,753359289.2418479
456000000.0,1.0,755015023.9434782,755015023.9434782
457000000.0,1.0,756670758.6451087,756670758.6451087
458000000.0,1.0,758326493.3467392,758326493.3467392
459000000.0,1.0,759982228.0483696,759982228.0483696
460000000.0,1.0,761637962.75,761637962.75
461000000.0,1.0,763293697.4516305,763293697.4516305
462000000.0,1.0,764949432.1532608,764949432.1532608
463000000.0,1.0,766605166.8548913,766605166.8548913
464000000.0,1.0,768260901.5565218,768260901.5565218
465000000.0,1.0,769916636.2581522,769916636.2581522
466000000.0,1.0,771572370.9597827,771572370.9597827
467000000.0,1.0,773228105.661413,773228105.661413
468000000.0,1.0,774883840.3630434,774883840.3630434
469000000.0,1.0,776539575.0646739,776539575.0646739
470000000.0,1.0,778195309.7663044,778195309.7663044
471000000.0,1.0,779851044.4679348,779851044.4679348
472000000.0,1.0,781506779.1695653,781506779.1695653
473000000.0,1.0,783162513.8711958,783162513.8711958
474000000.0,1.0,784818248.572826,784818248.572826
475000000.0,1.0,786473983.2744565,786473983.2744565
476000000.0,1.0,788129717.976087,788129717.976087
477000000.0,1.0,789785452.6777173,789785452.6777173
478000000.0,1.0,791441187.3793478,791441187.3793478
479000000.0,1.0,793096922.0809783,793096922.0809783
480000000.0,1.0,794752656.7826087,794752656.7826087
481000000.0,1.0,796408391.4842392,796408391.4842392
482000000.0,1.0,798064126.1858697,798064126.1858697
483000000.0,1.0,799719860.8875002,799719860.8875002
484000000.0,1.0,801375595.5891304,801375595.5891304
485000000.0,1.0,803031330.2907609,803031330.2907609
486000000.0,1.0,804687064.9923913,804687064.9923913
487000000.0,1.0,806342799.6940218,806342799.6940218
488000000.0,1.0,807998534.3956522,807998534.3956522
489000000.0,1.0,809654269.0972826,809654269.0972826
490000000.0,1.0,811310003.7989131,811310003.7989131
491000000.0,1.0,812965738.5005436,812965738.5005436
492000000.0,1.0,814621473.202174,814621473.202174
493000000.0,1.0,816277207.9038044,816277207.9038044
494000000.0,1.0,817932942.6054348,817932942.6054348
495000000.0,1.0,819588677.3070652,819588677.3070652
496000000.0,1.0,821244412.0086957,821244412.0086957
497000000.0,1.0,822900146.7103262,822900146.7103262
498000000.0,1.0,824555881.4119564,824555881.4119564
499000000.0,1.0,826211616.1135869,826211616.1135869
500000000.0,1.0,827867350.8152174,827867350.8152174
501000000.0,1.0,829523085.5168478,829523085.5168478
502000000.0,1.0,831178820.2184783,831178820.2184783
503000000.0,1.0,832834554.9201087,832834554.9201087
504000000.0,1.0,834490289.6217391,834490289.6217391
505000000.0,1.0,836146024.3233696,836146024.3233696
506000000.0,1.0,837801759.0250001,837801759.0250001
507000000.0,1.0,839457493.7266306,839457493.7266306
508000000.0,1.0,841113228.428261,841113228.428261
509000000.0,1.0,842768963.1298915,842768963.1298915
510000000.0,1.0,844424697.8315217,844424697.8315217
511000000.0,1.0,846080432.5331522,846080432.5331522
512000000.0,1.0,847736167.2347826,847736167.2347826
513000000.0,1.0,849391901.936413,849391901.936413
514000000.0,1.0,851047636.6380434,851047636.6380434
515000000.0,1.0,852703371.3396739,852703371.3396739
516000000.0,1.0,854359106.0413043,854359106.0413043
517000000.0,1.0,856014840.7429347,856014840.7429347
518000000.0,1.0,857670575.4445652,857670575.4445652
519000000.0,1.0,859326310.1461957,859326310.1461957
520000000.0,1.0,860982044.8478261,860982044.8478261
521000000.0,1.0,862637779.5494566,862637779.5494566
522000000.0,1.0,864293514.2510871,864293514.2510871
523000000.0,1.0,865949248.9527175,865949248.9527175
524000000.0,1.0,867604983.6543478,867604983.6543478
525000000.0,1.0,869260718.3559783,869260718.3559783
526000000.0,1.0,870916453.0576087,870916453.0576087
527000000.0,1.0,872572187.7592392,872572187.7592392
528000000.0,1.0,874227922.4608697,874227922.4608697
529000000.0,1.0,875883657.1625001,875883657.1625001
530000000.0,1.0,877539391.8641306,877539391.8641306
531000000.0,1.0,879195126.5657607,879195126.5657607
532000000.0,1.0,880850861.2673912,880850861.2673912
533000000.0,1.0,882506595.9690217,882506595.9690217
534000000.0,1.0,884162330.6706522,884162330.6706522
535000000.0,1.0,885818065.3722826,885818065.3722826
536000000.0,1.0,887473800.0739131,887473800.0739131
537000000.0,1.0,889129534.7755436,889129534.7755436
538000000.0,1.0,890785269.4771738,890785269.4771738
539000000.0,1.0,892441004.1788043,892441004.1788043
540000000.0,1.0,894096738.8804348,894096738.8804348
541000000.0,1.0,895752473.5820652,895752473.5820652
542000000.0,1.0,897408208.2836957,897408208.2836957
543000000.0,1.0,899063942.9853262,899063942.9853262
544000000.0,1.0,900719677.6869566,900719677.6869566
545000000.0,1.0,902375412.388587,902375412.388587
546000000.0,1.0,904031147.0902175,904031147.0902175
547000000.0,1.0,905686881.791848,905686881.791848
548000000.0,1.0,907342616.4934784,907342616.4934784
549000000.0,1.0,908998351.1951089,908998351.1951089
550000000.0,1.0,910654085.8967391,910654085.8967391
551000000.0,1.0,912309820.5983696,912309820.5983696
552000000.0,1.0,913965555.3,913965555.3
553000000.0,1.0,915621290.0016304,915621290.0016304
554000000.0,1.0,917277024.7032609,917277024.7032609
555000000.0,1.0,918932759.4048913,918932759.4048913
556000000.0,1.0,920588494.1065217,920588494.1065217
557000000.0,1.0,922244228.8081522,922244228.8081522
558000000.0,1.0,923899963.5097827,923899963.5097827
559000000.0,1.0,925555698.211413,925555698.211413
560000000.0,1.0,927211432.9130435,927211432.9130435
561000000.0,1.0,928867167.614674,928867167.614674
562000000.0,1.0,930522902.3163044,930522902.3163044
563000000.0,1.0,932178637.0179349,932178637.0179349
564000000.0,1.0,933834371.7195654,933834371.7195654
565000000.0,1.0,935490106.4211959,935490106.4211959
566000000.0,1.0,937145841.1228261,937145841.1228261
567000000.0,1.0,938801575.8244566,938801575.8244566
568000000.0,1.0,940457310.5260869,940457310.5260869
569000000.0,1.0,942113045.2277174,942113045.2277174
570000000.0,1.0,943768779.9293479,943768779.9293479
571000000.0,1.0,945424514.6309783,945424514.6309783
572000000.0,1.0,947080249.3326088,947080249.3326088
573000000.0,1.0,948735984.034239,948735984.034239
574000000.0,1.0,950391718.7358695,950391718.7358695
575000000.0,1.0,952047453.4375,952047453.4375
576000000.0,1.0,953703188.1391305,953703188.1391305
577000000.0,1.0,955358922.840761,955358922.840761
578000000.0,1.0,957014657.5423914,957014657.5423914
579000000.0,1.0,958670392.2440217,958670392.2440217
580000000.0,1.0,960326126.9456521,960326126.9456521
581000000.0,1.0,961981861.6472826,961981861.6472826
582000000.0,1.0,963637596.3489131,963637596.3489131
583000000.0,1.0,965293331.0505435,965293331.0505435
584000000.0,1.0,966949065.752174,966949065.752174
585000000.0,1.0,968604800.4538045,968604800.4538045
586000000.0,1.0,970260535.1554346,970260535.1554346
587000000.0,1.0,971916269.8570651,971916269.8570651
588000000.0,1.0,973572004.5586956,973572004.5586956
589000000.0,1.0,975227739.260326,975227739.260326
590000000.0,1.0,976883473.9619565,976883473.9619565
591000000.0,1.0,978539208.663587,978539208.663587
592000000.0,1.0,980194943.3652174,980194943.3652174
593000000.0,1.0,981850678.0668478,981850678.0668478
594000000.0,1.0,983506412.7684783,983506412.7684783
595000000.0,1.0,985162147.4701087,985162147.4701087
596000000.0,1.0,986817882.1717391,986817882.1717391
597000000.0,1.0,988473616.8733696,988473616.8733696
598000000.0,1.0,990129351.575,990129351.575
599000000.0,1.0,991785086.2766305,991785086.2766305
600000000.0,1.0,993440820.9782609,993440820.9782609
0.0,0.8,0.0,0.0
1000000.0,0.8,5487856.533468217,846501.8702874724
2000000.0,0.8,9554913.192998143,1514453.7410902057
3000000.0,0.8,13215991.573177086,2150902.628534571
4000000.0,0.8,16636070.124820204,2778223.710844974
5000000.0,0.8,19887434.063192695,3405723.0833217488
6000000.0,0.8,23010377.817092285,4038321.3068996957
7000000.0,0.8,26030420.347779367,4678968.057513341
8000000.0,0.8,28965080.436392095,5329574.8002961455
9000000.0,0.8,31827077.146986663,5991447.27292024
10000000.0,0.8,34626033.85245385,6665511.516597366
11000000.0,0.8,37369466.470914856,7352442.5281524975
12000000.0,0.8,40063394.74065266,8052742.3428711835
13000000.0,0.8,42712739.90606333,8766789.865719499
14000000.0,0.8,45321594.193188444,9494873.983472979
15000000.0,0.8,47893409.63787274,10237216.310095297
16000000.0,0.8,50431134.17963739,10993987.251160951
17000000.0,0.8,52937312.12799561,11765317.620447025
18000000.0,0.8,55414159.87675689,12551307.212085435
19000000.0,0.8,57863624.00137231,13352031.23831666
20000000.0,0.8,60287426.54992873,14167545.239233252
21000000.0,0.8,62687100.8497551,14997888.878303908
22000000.0,0.8,65064020.172661096,15843088.912042977
23000000.0,0.8,67419420.9427953,16703161.538577536
24000000.0,0.8,69754421.7180603,17578114.272951197
25000000.0,0.8,72070038.85866572,18467947.457533088
26000000.0,0.8,74367199.57028855,19372655.48806017
27000000.0,0.8,76646752.84570628,20292227.81590074
28000000.0,0.8,78909478.7087171,21226649.7726449
29000000.0,0.8,81156096.07492444,22175903.2524731
30000000.0,0.8,83387269.47684427,23139967.279824283
31000000.0,0.8,85603614.8497535,24118818.48391805
32000000.0,0.8,87805704.53549148,25112431.497150566
33000000.0,0.8,89994071.6310263,26120779.290905382
34000000.0,0.8,92169213.78481862,27143833.45962908
35000000.0,0.8,94331596.52526286,28181564.461922277
36000000.0,0.8,96481656.19058436,29233941.82574706
37000000.0,0.8,98619802.51764496,30300934.323546417
38000000.0,0.8,100746420.9374996,31382510.122031126
39000000.0,0.8,102861874.61775541,32478636.910556268
40000000.0,0.8,104966506.28542835,33589282.01133707
41000000.0,0.8,107060639.85877897,34714412.47420908
42000000.0,0.8,109144581.9123105,35853995.158194
43000000.0,0.8,111218622.99554662,37007996.80176814
44000000.0,0.8,113283038.823241,38176384.08343221
45000000.0,0.8,115338091.35218537,39359123.67393326
46000000.0,0.8,117384029.75769792,40556182.28128464
47000000.0,0.8,119421091.32111363,41767526.68955949
48000000.0,0.8,121449502.2381056,42993123.792289376
49000000.0,0.8,123469478.35640073,44232940.62118056
50000000.0,0.8,125481225.85037,45486944.37075912
51000000.0,0.8,127484941.83904797,46755102.41947085
52000000.0,0.8,129480814.95333995,48037382.34768912
53000000.0,0.8,131469025.85749105,49333751.95302351
54000000.0,0.8,133449747.72929683,50644179.26326815
55000000.0,0.8,135423146.70302293,51968632.54728505
56000000.0,0.8,137389382.27855438,53307080.324079104
57000000.0,0.8,139348607.69990513,54659491.37028778
58000000.0,0.8,141300970.30587968,56025834.726281285
59000000.0,0.8,143246611.85537934,57406079.70104326
60000000.0,0.8,145185668.82958496,58800195.87598191
61000000.0,0.8,147118272.71301764,60208153.10780247
62000000.0,0.8,149044550.25527474,61629921.530556105
63000000.0,0.8,150964623.71506047,63065471.556966506
64000000.0,0.8,152878611.08797032,64514773.87912348
65000000.0,0.8,154786626.31934732,65977799.4686218
66000000.0,0.8,156688779.5034034,67454519.57621516
67000000.0,0.8,158585177.0696856,68944905.73104581
68000000.0,0.8,160475921.9578695,70448929.7395047
69000000.0,0.8,162361113.78176972,71966563.68376943
70000000.0,0.8,164240848.98338062,73497779.92006283
71000000.0,0.8,166115220.97768584,75042551.07666957
72000000.0,0.8,167984320.28891245,76600850.05174407
73000000.0,0.8,169848234.67884684,78172650.01093927
74000000.0,0.8,171707049.2677767,79757924.38488229
75000000.0,0.8,173560846.64857754,81356646.86652072
76000000.0,0.8,175409706.9944174,82968791.40835942
77000000.0,0.8,177253708.16051683,84594332.21960665
78000000.0,0.8,179092925.78036457,86233243.76324555
79000000.0,0.8,180927433.35675842,87885500.75304541
80000000.0,0.8,182757302.34801158,89551078.15052567
81000000.0,0.8,184582602.249638,91229951.16188358
82000000.0,0.8,186403400.67180705,92922095.23489581
83000000.0,0.8,188219763.4128353,94627486.05580296
84000000.0,0.8,190031754.52896374,96346099.54618461
85000000.0,0.8,191839436.40064922,98077911.85983191
86000000.0,0.8,193642869.7955848,99822899.37962395
87000000.0,0.8,195442113.9286445,101581038.71441299
88000000.0,0.8,197237226.5189383,103352306.69592367
89000000.0,0.8,199028263.84414592,105136680.37567009
90000000.0,0.8,200815280.79228956,106934137.02189419
91000000.0,0.8,202598330.91109326,108744654.1165293
92000000.0,0.8,204377466.45506585,110568209.35219063
93000000.0,0.8,206152738.4304373,112404780.62919594
94000000.0,0.8,207924196.6380667,114254346.05261765
95000000.0,0.8,209691889.71443626,116116883.92936908
96000000.0,0.8,211455865.1708334,117992372.76532502
97000000.0,0.8,213216169.430821,119880791.26247911
98000000.0,0.8,214972847.8660865,121782118.31613801
99000000.0,0.8,216725944.8307564,123696333.0121542
100000000.0,0.8,218475503.6942556,125623414.62419696
101000000.0,0.8,220221566.87278888,127563342.61106296
102000000.0,0.8,221964175.85951364,129516096.61402622
103000000.0,0.8,223703371.2534718,131481656.45422804
104000000.0,0.8,225439192.78734264,133460002.13010684
105000000.0,0.8,227171679.35407645,135451113.81486806
106000000.0,0.8,228900869.03246307,137454971.85399407
107000000.0,0.8,230626799.11168888,139471556.76279384
108000000.0,0.8,232349506.11493003,141500849.22399238
109000000.0,0.8,234069025.82202938,143542830.0853595
110000000.0,0.8,235785393.29130057,145597480.35737813
111000000.0,0.8,237498642.8804995,147664781.21095058
112000000.0,0.8,239208808.26700407,149744713.97514454
113000000.0,0.8,240915922.46723664,151837260.13497588
114000000.0,0.8,242620017.85536605,153942401.32922974
115000000.0,0.8,244321126.18132082,156060119.3483187
116000000.0,0.8,246019278.58814493,158190396.1321772
117000000.0,0.8,247714505.62872607,160333213.76819295
118000000.0,0.8,249406837.28192347,162488554.48917314
119000000.0,0.8,251096302.96812224,164656400.6713462
120000000.0,0.8,252782931.56423944,166836734.83239803
121000000.0,0.8,254466751.41820502,169029539.62954268
122000000.0,0.8,256147790.36294067,171234797.85762584
123000000.0,0.8,257826075.72985753,173452492.44726166
124000000.0,0.8,259501634.36189386,175682606.46300215
125000000.0,0.8,261174492.626111,177925123.10153812
126000000.0,0.8,262844676.42586663,180180025.68993157
127000000.0,0.8,264512211.21258253,182447297.68387878
128000000.0,0.8,266177121.9971233,184726922.66600358
129000000.0,0.8,267839433.36080217,187018884.34418014
130000000.0,0.8,269499169.46602905,189323166.54988542
131000000.0,0.8,271156354.06661355,191639753.23657912
132000000.0,0.8,272811010.51774,193968628.47811317
133000000.0,0.8,274463161.7856232,196309776.467167
134000000.0,0.8,276112830.45686084,198663181.5137114
135000000.0,0.8,277760038.74749225,201028828.04349753
136000000.0,0.8,279404808.51177627,203406700.5965731
137000000.0,0.8,281047161.2506973,205796783.82582313
138000000.0,0.8,282687118.1202115,208199062.49553576
139000000.0,0.8,284324699.93924165,210613521.47999325
140000000.0,0.8,285959927.1974313,213040145.76208633
141000000.0,0.8,287592820.06266564,215478920.43195224
142000000.0,0.8,289223398.3883691,217929830.68563613
143000000.0,0.8,290851681.7205868,220392861.82377464
144000000.0,0.8,292477689.30485857,222867999.25030223
145000000.0,0.8,294101440.09289235,225355228.47117877
146000000.0,0.8,295722952.7490448,227854535.09313902
147000000.0,0.8,297342245.6566143,230365904.82246193
148000000.0,0.8,298959336.92395663,232889323.46376222
149000000.0,0.8,300574244.3904248,235424776.9188002
150000000.0,0.8,302186985.63214284,237972251.18531248
151000000.0,0.8,303797577.9676179,240531732.3558615
152000000.0,0.8,305406038.4631964,243103206.61670434
153000000.0,0.8,307012383.9383687,245686660.24667954
154000000.0,0.8,308616630.97092944,248282079.61611274
155000000.0,0.8,310218795.9019967,250889451.1857398
156000000.0,0.8,311818894.84089464,253508761.50564736
157000000.0,0.8,313416943.66990584,256139997.21423057
158000000.0,0.8,315012958.048896,258783145.0371681
159000000.0,0.8,316606953.4198156,261438191.78641272
160000000.0,0.8,318198945.0110831,264105124.35919902
161000000.0,0.8,319788947.8418533,266783929.73706615
162000000.0,0.8,321376976.72617364,269474594.9848966
163000000.0,0.8,322963046.27703357,272177107.24997
164000000.0,0.8,324547170.91030955,274891453.76103216
165000000.0,0.8,326129364.8486084,277617621.8273779
166000000.0,0.8,327709642.12501407,280355598.8379496
167000000.0,0.8,329288016.58673817,283105372.26044816
168000000.0,0.8,330864501.8986803,285866929.6404598
169000000.0,0.8,332439111.5468982,288640258.6005944
170000000.0,0.8,334011858.8419923,291425346.8396383
171000000.0,0.8,335582756.9224067,294222182.13172007
172000000.0,0.8,337151818.75764865,297030752.32548845
173000000.0,0.8,338719057.15143037,299851045.34330374
174000000.0,0.8,340284484.7447335,302683049.1804405
175000000.0,0.8,341848114.01880056,305526751.904303
176000000.0,0.8,343409957.298054,308382141.6536525
177000000.0,0.8,344970026.7529463,311249206.6378458
178000000.0,0.8,346528334.4027417,314127935.13608533
179000000.0,0.8,348084892.11823297,317018315.4966807
180000000.0,0.8,349639711.624394,319920336.13632053
181000000.0,0.8,351192804.5029712,322833985.53935623
182000000.0,0.8,352744182.1950136,325759252.25709504
183000000.0,0.8,354293856.00334597,328696124.90710425
184000000.0,0.8,355841837.0949846,331644592.17252564
185000000.0,0.8,357388136.50349736,334604642.8013994
186000000.0,0.8,358932765.13131136,337576265.60599834
187000000.0,0.8,360475733.7519677,340559449.4621715
188000000.0,0.8,362017053.01232606,343554183.30869746
189000000.0,0.8,363556733.4347196,346560456.1466465
190000000.0,0.8,365094785.4190625,349578257.0387523
191000000.0,0.8,366631219.24491054,352607575.1087927
192000000.0,0.8,368166045.0734766,355648399.5409784
193000000.0,0.8,369699272.9496023,358700719.57935166
194000000.0,0.8,371230912.80368614,361764524.5271922
195000000.0,0.8,372760974.45357037,364839803.746432
196000000.0,0.8,374289467.60638726,367926546.6570787
197000000.0,0.8,375816401.86036575,371024742.7366461
198000000.0,0.8,377341786.7065994,374134381.51959336
199000000.0,0.8,378865631.5307771,377255452.5967713
200000000.0,0.8,380387945.61487734,380387945.61487734
201000000.0,0.8,381908738.1388265,381908738.1388265
202000000.0,0.8,383428018.18212295,383428018.18212295
203000000.0,0.8,384945794.7254272,384945794.7254272
204000000.0,0.8,386462076.6521191,386462076.6521191
205000000.0,0.8,387976872.74982363,387976872.74982363
206000000.0,0.8,389490191.71190363,389490191.71190363
207000000.0,0.8,391002042.1389251,391002042.1389251
208000000.0,0.8,392512432.5400893,392512432.5400893
209000000.0,0.8,394021371.3346393,394021371.3346393
210000000.0,0.8,395528866.8532354,395528866.8532354
211000000.0,0.8,397034927.3393054,397034927.3393054
212000000.0,0.8,398539560.9503662,398539560.9503662
213000000.0,0.8,400042775.75932014,400042775.75932014
214000000.0,0.8,401544579.75572574,401544579.75572574
215000000.0,0.8,403044980.8470435,403044980.8470435
216000000.0,0.8,404543986.8598571,404543986.8598571
217000000.0,0.8,406041605.5410713,406041605.5410713
218000000.0,0.8,407537844.5590854,407537844.5590854
219000000.0,0.8,409032711.504947,409032711.504947
220000000.0,0.8,410526213.8934797,410526213.8934797
221000000.0,0.8,412018359.1643928,412018359.1643928
222000000.0,0.8,413509154.68336785,413509154.68336785
223000000.0,0.8,414998607.74312484,414998607.74312484
224000000.0,0.8,416486725.56447005,416486725.56447005
225000000.0,0.8,417973515.29732114,417973515.29732114
226000000.0,0.8,419458984.02171654,419458984.02171654
227000000.0,0.8,420943138.74880356,420943138.74880356
228000000.0,0.8,422425986.4218093,422425986.4218093
229000000.0,0.8,423907533.91699374,423907533.91699374
230000000.0,0.8,425387788.0445845,425387788.0445845
231000000.0,0.8,426866755.54969627,426866755.54969627
232000000.0,0.8,428344443.1132313,428344443.1132313
233000000.0,0.8,429820857.3527653,429820857.3527653
234000000.0,0.8,431296004.82341677,431296004.82341677
235000000.0,0.8,432769892.0187006,432769892.0187006
236000000.0,0.8,434242525.37136644,434242525.37136644
237000000.0,0.8,435713911.2542229,435713911.2542229
238000000.0,0.8,437184055.9809461,437184055.9809461
239000000.0,0.8,438652965.8068741,438652965.8068741
240000000.0,0.8,440120646.92978853,440120646.92978853
241000000.0,0.8,441587105.49068075,441587105.49068075
242000000.0,0.8,443052347.5745064,443052347.5745064
243000000.0,0.8,444516379.2109257,444516379.2109257
244000000.0,0.8,445979206.3750311,445979206.3750311
245000000.0,0.8,447440834.98806304,447440834.98806304
246000000.0,0.8,448901270.9181133,448901270.9181133
247000000.0,0.8,450360519.98081493,450360519.98081493
248000000.0,0.8,451818587.94002306,451818587.94002306
249000000.0,0.8,453275480.5084817,453275480.5084817
250000000.0,0.8,454731203.3484807,454731203.3484807
251000000.0,0.8,456185762.0725014,456185762.0725014
252000000.0,0.8,457639162.2438514,457639162.2438514
253000000.0,0.8,459091409.3772883,459091409.3772883
254000000.0,0.8,460542508.93963414,460542508.93963414
255000000.0,0.8,461992466.3503788,461992466.3503788
256000000.0,0.8,463441286.9822736,463441286.9822736
257000000.0,0.8,464888976.1619157,464888976.1619157
258000000.0,0.8,466335539.1703221,466335539.1703221
259000000.0,0.8,467780981.24349517,467780981.24349517
260000000.0,0.8,469225307.5729784,469225307.5729784
261000000.0,0.8,470668523.3064031,470668523.3064031
262000000.0,0.8,472110633.5480275,472110633.5480275
263000000.0,0.8,473551643.35926515,473551643.35926515
264000000.0,0.8,474991557.7592069,474991557.7592069
265000000.0,0.8,476430381.7251331,476430381.7251331
266000000.0,0.8,477868120.19301903,477868120.19301903
267000000.0,0.8,479304778.0580309,479304778.0580309
268000000.0,0.8,480740360.1750148,480740360.1750148
269000000.0,0.8,482174871.35897875,482174871.35897875
270000000.0,0.8,483608316.38556534,483608316.38556534
271000000.0,0.8,485040699.9915191,485040699.9915191
272000000.0,0.8,486472026.87514514,486472026.87514514
273000000.0,0.8,487902301.696761,487902301.696761
274000000.0,0.8,489331529.07914245,489331529.07914245
275000000.0,0.8,490759713.60796106,490759713.60796106
276000000.0,0.8,492186859.8322162,492186859.8322162
277000000.0,0.8,493612972.2646602,493612972.2646602
278000000.0,0.8,495038055.3822166,495038055.3822166
279000000.0,0.8,496462113.6263926,496462113.6263926
280000000.0,0.8,497885151.403685,497885151.403685
281000000.0,0.8,499307173.08598036,499307173.08598036
282000000.0,0.8,500728183.01094896,500728183.01094896
283000000.0,0.8,502148185.4824328,502148185.4824328
284000000.0,0.8,503567184.77082807,503567184.77082807
285000000.0,0.8,504985185.1134619,504985185.1134619
286000000.0,0.8,506402190.7149636,506402190.7149636
287000000.0,0.8,507818205.7476301,507818205.7476301
288000000.0,0.8,509233234.3517868,509233234.3517868
289000000.0,0.8,510647280.6361419,510647280.6361419
290000000.0,0.8,512060348.6781376,512060348.6781376
291000000.0,0.8,513472442.5242936,513472442.5242936
292000000.0,0.8,514883566.19054806,514883566.19054806
293000000.0,0.8,516293723.66259205,516293723.66259205
294000000.0,0.8,517702918.89620036,517702918.89620036
295000000.0,0.8,519111155.817556,519111155.817556
296000000.0,0.8,520518438.3235725,520518438.3235725
297000000.0,0.8,521924770.2822089,521924770.2822089
298000000.0,0.8,523330155.5327824,523330155.5327824
299000000.0,0.8,524734597.88627553,524734597.88627553
300000000.0,0.8,526138101.12563944,526138101.12563944
301000000.0,0.8,527540669.0060926,527540669.0060926
302000000.0,0.8,528942305.2554159,528942305.2554159
303000000.0,0.8,530343013.57424295,530343013.57424295
304000000.0,0.8,531742797.63634664,531742797.63634664
305000000.0,0.8,533141661.0889222,533141661.0889222
306000000.0,0.8,534539607.55286556,534539607.55286556
307000000.0,0.8,535936640.6230484,535936640.6230484
308000000.0,0.8,537332763.8685894,537332763.8685894
309000000.0,0.8,538727980.8331219,538727980.8331219
310000000.0,0.8,540122295.0350572,540122295.0350572
311000000.0,0.8,541515709.9678452,541515709.9678452
312000000.0,0.8,542908229.1002314,542908229.1002314
313000000.0,0.8,544299855.8765098,544299855.8765098
314000000.0,0.8,545690593.7167724,545690593.7167724
315000000.0,0.8,547080446.0171571,547080446.0171571
316000000.0,0.8,548469416.1500895,548469416.1500895
317000000.0,0.8,549857507.4645243,549857507.4645243
318000000.0,0.8,551244723.2861804,551244723.2861804
319000000.0,0.8,552631066.9177768,552631066.9177768
320000000.0,0.8,554016541.6392617,554016541.6392617
321000000.0,0.8,555401150.7080405,555401150.7080405
322000000.0,0.8,556784897.3592005,556784897.3592005
323000000.0,0.8,558167784.805733,558167784.805733
324000000.0,0.8,559549816.2387516,559549816.2387516
325000000.0,0.8,560930994.8277084,560930994.8277084
326000000.0,0.8,562311323.7206075,562311323.7206075
327000000.0,0.8,563690806.044215,563690806.044215
328000000.0,0.8,565069444.9042668,565069444.9042668
329000000.0,0.8,566447243.3856745,566447243.3856745
330000000.0,0.8,567824204.5527265,567824204.5527265
331000000.0,0.8,569200331.4492894,569200331.4492894
332000000.0,0.8,570575627.0990045,570575627.0990045
333000000.0,0.8,571950094.5054826,571950094.5054826
334000000.0,0.8,573323736.6524968,573323736.6524968
335000000.0,0.8,574696556.5041727,574696556.5041727
336000000.0,0.8,576068557.0051755,576068557.0051755
337000000.0,0.8,577439741.0808953,577439741.0808953
338000000.0,0.8,578810111.6376306,578810111.6376306
339000000.0,0.8,580179671.5627687,580179671.5627687
340000000.0,0.8,581548423.7249639,581548423.7249639
341000000.0,0.8,582916370.9743141,582916370.9743141
342000000.0,0.8,584283516.142535,584283516.142535
343000000.0,0.8,585649862.0431314,585649862.0431314
344000000.0,0.8,587015411.4715676,587015411.4715676
345000000.0,0.8,588380167.2054356,588380167.2054356
346000000.0,0.8,589744132.0046196,589744132.0046196
347000000.0,0.8,591107308.6114607,591107308.6114607
348000000.0,0.8,592469699.7509183,592469699.7509183
349000000.0,0.8,593831308.1307299,593831308.1307299
350000000.0,0.8,595192136.441569,595192136.441569
351000000.0,0.8,596552187.3572011,596552187.3572011
352000000.0,0.8,597911463.5346377,597911463.5346377
353000000.0,0.8,599269967.6142888,599269967.6142888
354000000.0,0.8,600627702.2201128,600627702.2201128
355000000.0,0.8,601984669.959766,601984669.959766
356000000.0,0.8,603340873.4247489,603340873.4247489
357000000.0,0.8,604696315.1905515,604696315.1905515
358000000.0,0.8,606050997.8167965,606050997.8167965
359000000.0,0.8,607404923.8473823,607404923.8473823
360000000.0,0.8,608758095.8106213,608758095.8106213
361000000.0,0.8,610110516.2193798,610110516.2193798
362000000.0,0.8,611462187.5712143,611462187.5712143
363000000.0,0.8,612813112.348507,612813112.348507
364000000.0,0.8,614163293.0185994,614163293.0185994
365000000.0,0.8,615512732.0339245,615512732.0339245
366000000.0,0.8,616861431.8321376,616861431.8321376
367000000.0,0.8,618209394.8362451,618209394.8362451
368000000.0,0.8,619556623.454733,619556623.454733
369000000.0,0.8,620903120.0816921,620903120.0816921
370000000.0,0.8,622248887.0969435,622248887.0969435
371000000.0,0.8,623593926.8661618,623593926.8661618
372000000.0,0.8,624938241.7409971,624938241.7409971
373000000.0,0.8,626281834.0591955,626281834.0591955
374000000.0,0.8,627624706.1447184,627624706.1447184
375000000.0,0.8,628966860.3078607,628966860.3078607
376000000.0,0.8,630308298.8453667,630308298.8453667
377000000.0,0.8,631649024.0405462,631649024.0405462
378000000.0,0.8,632989038.163388,632989038.163388
379000000.0,0.8,634328343.470673,634328343.470673
380000000.0,0.8,635666942.206085,635666942.206085
381000000.0,0.8,637004836.6003215,637004836.6003215
382000000.0,0.8,638342028.8712033,638342028.8712033
383000000.0,0.8,639678521.223781,639678521.223781
384000000.0,0.8,641014315.8504426,641014315.8504426
385000000.0,0.8,642349414.931019,642349414.931019
386000000.0,0.8,643683820.6328878,643683820.6328878
387000000.0,0.8,645017535.1110768,645017535.1110768
388000000.0,0.8,646350560.5083666,646350560.5083666
389000000.0,0.8,647682898.9553906,647682898.9553906
390000000.0,0.8,649014552.5707355,649014552.5707355
391000000.0,0.8,650345523.4610404,650345523.4610404
392000000.0,0.8,651675813.7210938,651675813.7210938
393000000.0,0.8,653005425.4339303,653005425.4339303
394000000.0,0.8,654334360.6709279,654334360.6709279
395000000.0,0.8,655662621.4919002,655662621.4919002
396000000.0,0.8,656990209.9451921,656990209.9451921
397000000.0,0.8,658317128.0677711,658317128.0677711
398000000.0,0.8,659643377.8853197,659643377.8853197
399000000.0,0.8,660968961.4123261,660968961.4123261
400000000.0,0.8,662293880.6521739,662293880.6521739
401000000.0,0.8,663618137.5972302,663618137.5972302
402000000.0,0.8,664941734.2289348,664941734.2289348
403000000.0,0.8,666264672.5178859,666264672.5178859
404000000.0,0.8,667586954.4239273,667586954.4239273
405000000.0,0.8,668908581.8962325,668908581.8962325
406000000.0,0.8,670229556.8733895,670229556.8733895
407000000.0,0.8,671549881.2834848,671549881.2834848
408000000.0,0.8,672869557.0441847,672869557.0441847
409000000.0,0.8,674188586.0628175,674188586.0628175
410000000.0,0.8,675506970.2364553,675506970.2364553
411000000.0,0.8,676824711.4519925,676824711.4519925
412000000.0,0.8,678141811.5862262,678141811.5862262
413000000.0,0.8,679458272.5059341,679458272.5059341
414000000.0,0.8,680774096.0679522,680774096.0679522
415000000.0,0.8,682089284.1192511,682089284.1192511
416000000.0,0.8,683403838.4970133,683403838.4970133
417000000.0,0.8,684717761.0287075,684717761.0287075
418000000.0,0.8,686031053.532163,686031053.532163
419000000.0,0.8,687343717.8156444,687343717.8156444
420000000.0,0.8,688655755.6779237,688655755.6779237
421000000.0,0.8,689967168.908353,689967168.908353
422000000.0,0.8,691277959.2869363,691277959.2869363
423000000.0,0.8,692588128.5843998,692588128.5843998
424000000.0,0.8,693897678.5622627,693897678.5622627
425000000.0,0.8,695206610.9729061,695206610.9729061
426000000.0,0.8,696514927.5596424,696514927.5596424
427000000.0,0.8,697822630.0567827,697822630.0567827
428000000.0,0.8,699129720.1897049,699129720.1897049
429000000.0,0.8,700436199.6749201,700436199.6749201
430000000.0,0.8,701742070.2201387,701742070.2201387
431000000.0,0.8,703047333.5243359,703047333.5243359
432000000.0,0.8,704351991.277817,704351991.277817
433000000.0,0.8,705656045.1622809,705656045.1622809
434000000.0,0.8,706959496.8508843,706959496.8508843
435000000.0,0.8,708262348.0083041,708262348.0083041
436000000.0,0.8,709564600.2908003,709564600.2908003
437000000.0,0.8,710866255.3462771,710866255.3462771
438000000.0,0.8,712167314.8143452,712167314.8143452
439000000.0,0.8,713467780.3263812,713467780.3263812
440000000.0,0.8,714767653.5055879,714767653.5055879
441000000.0,0.8,716066935.9670544,716066935.9670544
442000000.0,0.8,717365629.317814,717365629.317814
443000000.0,0.8,718663735.1569035,718663735.1569035
444000000.0,0.8,719961255.07542,719961255.07542
445000000.0,0.8,721258190.6565787,721258190.6565787
446000000.0,0.8,722554543.4757694,722554543.4757694
447000000.0,0.8,723850315.1006125,723850315.1006125
448000000.0,0.8,725145507.0910152,725145507.0910152
449000000.0,0.8,726440120.9992256,726440120.9992256
450000000.0,0.8,727734158.3698882,727734158.3698882
451000000.0,0.8,729027620.7400972,729027620.7400972
452000000.0,0.8,730320509.6394504,730320509.6394504
453000000.0,0.8,731612826.5901033,731612826.5901033
454000000.0,0.8,732904573.106819,732904573.106819
455000000.0,0.8,734195750.6970232,734195750.6970232
456000000.0,0.8,735486360.8608539,735486360.8608539
457000000.0,0.8,736776405.0912137,736776405.0912137
458000000.0,0.8,738065884.8738194,738065884.8738194
459000000.0,0.8,739354801.6872529,739354801.6872529
460000000.0,0.8,740643157.0030106,740643157.0030106
461000000.0,0.8,741930952.2855535,741930952.2855535
462000000.0,0.8,743218188.9923542,743218188.9923542
463000000.0,0.8,744504868.5739473,744504868.5739473
464000000.0,0.8,745790992.4739764,745790992.4739764
465000000.0,0.8,747076562.1292412,747076562.1292412
466000000.0,0.8,748361578.9697459,748361578.9697459
467000000.0,0.8,749646044.4187442,749646044.4187442
468000000.0,0.8,750929959.8927867,750929959.8927867
469000000.0,0.8,752213326.8017669,752213326.8017669
470000000.0,0.8,753496146.5489651,753496146.5489651
471000000.0,0.8,754778420.5310955,754778420.5310955
472000000.0,0.8,756060150.1383489,756060150.1383489
473000000.0,0.8,757341336.7544388,757341336.7544388
474000000.0,0.8,758621981.7566426,758621981.7566426
475000000.0,0.8,759902086.5158477,759902086.5158477
476000000.0,0.8,761181652.3965938,761181652.3965938
477000000.0,0.8,762460680.757114,762460680.757114
478000000.0,0.8,763739172.9493796,763739172.9493796
479000000.0,0.8,765017130.3191396,765017130.3191396
480000000.0,0.8,766294554.205964,766294554.205964
481000000.0,0.8,767571445.9432844,767571445.9432844
482000000.0,0.8,768847806.8584343,768847806.8584343
483000000.0,0.8,770123638.2726907,770123638.2726907
484000000.0,0.8,771398941.5013134,771398941.5013134
485000000.0,0.8,772673717.853585,772673717.853585
486000000.0,0.8,773947968.6328498,773947968.6328498
487000000.0,0.8,775221695.1365539,775221695.1365539
488000000.0,0.8,776494898.6562834,776494898.6562834
489000000.0,0.8,777767580.4778028,777767580.4778028
490000000.0,0.8,779039741.8810929,779039741.8810929
491000000.0,0.8,780311384.1403893,780311384.1403893
492000000.0,0.8,781582508.524219,781582508.524219
493000000.0,0.8,782853116.2954379,782853116.2954379
494000000.0,0.8,784123208.7112677,784123208.7112677
495000000.0,0.8,785392787.023332,785392787.023332
496000000.0,0.8,786661852.4776931,786661852.4776931
497000000.0,0.8,787930406.314887,787930406.314887
498000000.0,0.8,789198449.7699602,789198449.7699602
499000000.0,0.8,790465984.0725038,790465984.0725038
500000000.0,0.8,791733010.4466885,791733010.4466885
501000000.0,0.8,792999530.111301,792999530.111301
502000000.0,0.8,794265544.2797757,794265544.2797757
503000000.0,0.8,795531054.1602311,795531054.1602311
504000000.0,0.8,796796060.9555024,796796060.9555024
505000000.0,0.8,798060565.8631754,798060565.8631754
506000000.0,0.8,799324570.0756198,799324570.0756198
507000000.0,0.8,800588074.7800219,800588074.7800219
508000000.0,0.8,801851081.1584176,801851081.1584176
509000000.0,0.8,803113590.387725,803113590.387725
510000000.0,0.8,804375603.6397761,804375603.6397761
511000000.0,0.8,805637122.0813484,805637122.0813484
512000000.0,0.8,806898146.8741983,806898146.8741983
513000000.0,0.8,808158679.1750898,808158679.1750898
514000000.0,0.8,809418720.1358284,809418720.1358284
515000000.0,0.8,810678270.9032897,810678270.9032897
516000000.0,0.8,811937332.6194514,811937332.6194514
517000000.0,0.8,813195906.4214232,813195906.4214232
518000000.0,0.8,814453993.441477,814453993.441477
519000000.0,0.8,815711594.8070762,815711594.8070762
520000000.0,0.8,816968711.6409068,816968711.6409068
521000000.0,0.8,818225345.0609053,818225345.0609053
522000000.0,0.8,819481496.1802883,819481496.1802883
523000000.0,0.8,820737166.1075822,820737166.1075822
524000000.0,0.8,821992355.9466507,821992355.9466507
525000000.0,0.8,823247066.7967241,823247066.7967241
526000000.0,0.8,824501299.7524272,824501299.7524272
527000000.0,0.8,825755055.9038073,825755055.9038073
528000000.0,0.8,827008336.3363621,827008336.3363621
529000000.0,0.8,828261142.1310675,828261142.1310675
530000000.0,0.8,829513474.3644042,829513474.3644042
531000000.0,0.8,830765334.108386,830765334.108386
532000000.0,0.8,832016722.4305854,832016722.4305854
533000000.0,0.8,833267640.3941612,833267640.3941612
534000000.0,0.8,834518089.057885,834518089.057885
535000000.0,0.8,835768069.4761666,835768069.4761666
536000000.0,0.8,837017582.6990815,837017582.6990815
537000000.0,0.8,838266629.7723953,838266629.7723953
538000000.0,0.8,839515211.7375902,839515211.7375902
539000000.0,0.8,840763329.6318909,840763329.6318909
540000000.0,0.8,842010984.4882884,842010984.4882884
541000000.0,0.8,843258177.3355668,843258177.3355668
542000000.0,0.8,844504909.1983268,844504909.1983268
543000000.0,0.8,845751181.0970113,845751181.0970113
544000000.0,0.8,846996994.0479298,846996994.0479298
545000000.0,0.8,848242349.0632817,848242349.0632817
546000000.0,0.8,849487247.1511816,849487247.1511816
547000000.0,0.8,850731689.3156835,850731689.3156835
548000000.0,0.8,851975676.5568023,851975676.5568023
549000000.0,0.8,853219209.8705409,853219209.8705409
550000000.0,0.8,854462290.24891,854462290.24891
551000000.0,0.8,855704918.6799542,855704918.6799542
552000000.0,0.8,856947096.1477727,856947096.1477727
553000000.0,0.8,858188823.6325442,858188823.6325442
554000000.0,0.8,859430102.110548,859430102.110548
555000000.0,0.8,860670932.5541881,860670932.5541881
556000000.0,0.8,861911315.932013,861911315.932013
557000000.0,0.8,863151253.2087415,863151253.2087415
558000000.0,0.8,864390745.3452806,864390745.3452806
559000000.0,0.8,865629793.2987517,865629793.2987517
560000000.0,0.8,866868398.022508,866868398.022508
561000000.0,0.8,868106560.4661592,868106560.4661592
562000000.0,0.8,869344281.5755911,869344281.5755911
563000000.0,0.8,870581562.2929881,870581562.2929881
564000000.0,0.8,871818403.5568527,871818403.5568527
565000000.0,0.8,873054806.3020278,873054806.3020278
566000000.0,0.8,874290771.4597169,874290771.4597169
567000000.0,0.8,875526299.9575043,875526299.9575043
568000000.0,0.8,876761392.7193757,876761392.7193757
569000000.0,0.8,877996050.6657387,877996050.6657387
570000000.0,0.8,879230274.7134436,879230274.7134436
571000000.0,0.8,880464065.7758017,880464065.7758017
572000000.0,0.8,881697424.7626059,881697424.7626059
573000000.0,0.8,882930352.580151,882930352.580151
574000000.0,0.8,884162850.131253,884162850.131253
575000000.0,0.8,885394918.3152677,885394918.3152677
576000000.0,0.8,886626558.0281104,886626558.0281104
577000000.0,0.8,887857770.1622754,887857770.1622754
578000000.0,0.8,889088555.6068548,889088555.6068548
579000000.0,0.8,890318915.2475568,890318915.2475568
580000000.0,0.8,891548849.9667249,891548849.9667249
581000000.0,0.8,892778360.6433566,892778360.6433566
582000000.0,0.8,894007448.153121,894007448.153121
583000000.0,0.8,895236113.3683788,895236113.3683788
584000000.0,0.8,896464357.1581976,896464357.1581976
585000000.0,0.8,897692180.3883735,897692180.3883735
586000000.0,0.8,898919583.921446,898919583.921446
587000000.0,0.8,900146568.6167173,900146568.6167173
588000000.0,0.8,901373135.3302698,901373135.3302698
589000000.0,0.8,902599284.9149828,902599284.9149828
590000000.0,0.8,903825018.220551,903825018.220551
591000000.0,0.8,905050336.0935013,905050336.0935013
592000000.0,0.8,906275239.3772098,906275239.3772098
593000000.0,0.8,907499728.9119188,907499728.9119188
594000000.0,0.8,908723805.5347543,908723805.5347543
595000000.0,0.8,909947470.0797418,909947470.0797418
596000000.0,0.8,911170723.377824,911170723.377824
597000000.0,0.8,912393566.2568765,912393566.2568765
598000000.0,0.8,913615999.5417247,913615999.5417247
599000000.0,0.8,914838024.0541604,914838024.0541604
600000000.0,0.8,916059640.612957,916059640.612957
0.0,0.6,0.0,0.0
1000000.0,0.6,18189248.133939236,2805691.5246601272
2000000.0,0.6,27569744.728980042,4369804.539543336
3000000.0,0.6,35163127.9033399,5722799.066268569
4000000.0,0.6,41787918.82017777,6978582.442969687
5000000.0,0.6,47774565.964990735,8181394.421504662
6000000.0,0.6,53297335.49341633,9353682.379094565
7000000.0,0.6,58461986.93674929,10508542.151880683
8000000.0,0.6,63338640.835735105,11654309.91377526
9000000.0,0.6,67976727.50637574,12796618.953075234
10000000.0,0.6,72412701.09098028,13939444.960013704
11000000.0,0.6,76674395.13795689,15085687.243393017
12000000.0,0.6,80783654.35823375,16237514.526004983
13000000.0,0.6,84758011.44519638,17396581.849126555
14000000.0,0.6,88611802.11114539,18564172.542284958
15000000.0,0.6,92356933.12792817,19741294.456094645
16000000.0,0.6,96003427.2149757,20928747.132864702
17000000.0,0.6,99559819.45577651,22127169.87404633
18000000.0,0.6,103033452.01857677,23337076.882207636
19000000.0,0.6,106430697.44761562,24558883.436037306
20000000.0,0.6,109757130.66936436,25792925.707300622
21000000.0,0.6,113017663.457159,27039475.98212529
22000000.0,0.6,116216650.93776558,28298754.503345918
23000000.0,0.6,119357976.95404013,29570938.790363442
24000000.0,0.6,122445123.21402484,30856171.04993426
25000000.0,0.6,125481225.85037005,32154564.12415732
26000000.0,0.6,128469122.09196208,33466206.304956123
27000000.0,0.6,131411389.08854467,34791165.261192195
28000000.0,0.6,134310376.4482041,36129491.264566906
29000000.0,0.6,137168233.69307557,37481219.856632896
30000000.0,0.6,139986933.57409373,38846374.066811
31000000.0,0.6,142768291.98598874,40224966.26705233
32000000.0,0.6,145513985.07151386,41616999.73045297
33000000.0,0.6,148225563.98670152,43022469.94714012
34000000.0,0.6,150904467.70790473,44441365.73997794
35000000.0,0.6,153552034.19006184,45873670.21428097
36000000.0,0.6,156169510.12931105,47319361.56918125
37000000.0,0.6,158758059.5382928,48778413.79314046
38000000.0,0.6,161318771.30660695,50250797.26200806
39000000.0,0.6,163852665.8899745,51736479.254759446
40000000.0,0.6,166360701.2482021,53235424.39942467
41000000.0,0.6,168843778.13291246,54747595.05959686
42000000.0,0.6,171302744.81031272,56272951.670187734
43000000.0,0.6,173738401.29133043,57811453.0296902
44000000.0,0.6,176151503.13072747,59363056.55505515
45000000.0,0.6,178542764.84787428,60927718.5043371
46000000.0,0.6,180912863.01440492,62505394.17147691
47000000.0,0.6,183262439.04770553,64096038.05693501
48000000.0,0.6,185592101.74390432,65699604.01734213
49000000.0,0.6,187902429.57955915,67316045.39687705
50000000.0,0.6,190193972.8074387,68945315.14269653
51000000.0,0.6,192467255.36855516,70587365.90641761
52000000.0,0.6,194722776.63983396,72242150.1333784
53000000.0,0.6,196961013.03442982,73909620.14116979
54000000.0,0.6,199182419.46965092,75589728.18873252
55000000.0,0.6,201387430.7156848,77282426.53714405
56000000.0,0.6,203576462.636791,78987667.50307491
57000000.0,0.6,205749913.33529532,80705403.50576958
58000000.0,0.6,207908164.2075644,82435587.10829929
59000000.0,0.6,210051580.92012942,84178171.05374186
60000000.0,0.6,212180514.31324452,85933108.29686403
61000000.0,0.6,214295301.2383911,87700352.03181157
62000000.0,0.6,216396265.33555683,89479855.71625274
63000000.0,0.6,218483717.7555204,91271573.09236863
64000000.0,0.6,220557957.8318403,93075458.20503663
65000000.0,0.6,222619273.70678106,94891465.41751543
66000000.0,0.6,224667942.91499048,96719549.42490341
67000000.0,0.6,226704232.92837715,98559665.26561196
68000000.0,0.6,228728401.66530454,100411768.33106868
69000000.0,0.6,230740697.9669295,102275814.37384151
70000000.0,0.6,232741362.0432478,104151759.5143534
71000000.0,0.6,234730625.891179,106039560.24634011
72000000.0,0.6,236708713.68681017,107939173.44118543
73000000.0,0.6,238675842.15373257,109850556.35125543
74000000.0,0.6,240632220.90923452,111773666.61233944
75000000.0,0.6,242578052.78996277,113708462.24529505
76000000.0,0.6,244513534.15852642,115654901.65698299
77000000.0,0.6,246438855.19239482,117612943.64057042
78000000.0,0.6,248354200.15632755,119582547.37527172
79000000.0,0.6,250259747.65947378,121563672.4255894
80000000.0,0.6,252155670.89818698,123556278.74011162
81000000.0,0.6,254042137.88551632,125560326.64991643
82000000.0,0.6,255919311.6682615,127575776.86662835
83000000.0,0.6,257787350.53240755,129602590.48016791
84000000.0,0.6,259646408.1976941,131640728.95623091
85000000.0,0.6,261496634.00201622,133690154.13353078
86000000.0,0.6,263338173.07630107,135750828.22083318
87000000.0,0.6,265171166.51045772,137822713.79381043
88000000.0,0.6,266995751.5109519,139905773.7917388
89000000.0,0.6,268812061.55051917,141999971.51406175
90000000.0,0.6,270620226.5104934,144105270.61683774
91000000.0,0.6,272420372.8161902,146221635.10909006
92000000.0,0.6,274212623.5657598,148349029.34907606
93000000.0,0.6,275997098.6528887,150487418.0404876
94000000.0,0.6,277773914.8837093,152636766.22859827
95000000.0,0.6,279543186.0882475,154797039.29636702
96000000.0,0.6,281305023.22671914,156968202.96050927
97000000.0,0.6,283059534.4909647,159150223.26754493
98000000.0,0.6,284806825.40129125,161343066.5898315
99000000.0,0.6,286546998.8989755,163546699.62159026
100000000.0,0.6,288280155.434663,165761089.37493122
101000000.0,0.6,290006393.0528862,167986203.17588434
102000000.0,0.6,291725807.47290635,170222008.66044086
103000000.0,0.6,293438492.1660757,172468473.770611
104000000.0,0.6,295144538.42990017,174725566.7505009
105000000.0,0.6,296844035.4589757,176993256.14241424
106000000.0,0.6,298537070.4129557,179271510.7829799
107000000.0,0.6,300223728.4817042,181560299.7993106
108000000.0,0.6,301904092.94777316,183859592.60519385
109000000.0,0.6,303578245.24633974,186169358.89731783
110000000.0,0.6,305246265.02272844,188489568.65153483
111000000.0,0.6,306908230.1876354,190820192.11916232
112000000.0,0.6,308564216.9701692,193161199.8233259
113000000.0,0.6,310214299.96880925,195512562.55534202
114000000.0,0.6,311858552.20038575,197874251.37114474
115000000.0,0.6,313497045.1471704,200246237.5877551
116000000.0,0.6,315129848.80216956,202628492.77979502
117000000.0,0.6,316757031.71270174,205020988.7760462
118000000.0,0.6,318378661.0223396,207423697.65605423
119000000.0,0.6,319994802.5112894,209836591.74677804
120000000.0,0.6,321605520.6352814,212259643.61928573
121000000.0,0.6,323210878.56303513,214692826.0854961
122000000.0,0.6,324810938.21236557,217136112.19496638
123000000.0,0.6,326405760.2849885,219589475.23172605
124000000.0,0.6,327995404.3000833,222052888.7111564
125000000.0,0.6,329579928.62666565,224526326.376916
126000000.0,0.6,331159390.5148242,227009762.197912
127000000.0,0.6,332733846.12586635,229503170.3653163
128000000.0,0.6,334303350.56142217,232006525.28962702
129000000.0,0.6,335867957.89154935,234519801.59777436
130000000.0,0.6,337427721.18188065,237042974.13027117
131000000.0,0.6,338982692.51985425,239576017.93840697
132000000.0,0.6,340532923.04006356,242118908.28148523
133000000.0,0.6,342078462.94876474,244671620.624104
134000000.0,0.6,343619361.5475733,247234130.63347903
135000000.0,0.6,345155667.25638443,249806414.17680824
136000000.0,0.6,346687427.6355466,252388447.31867793
137000000.0,0.6,348214689.40732044,254980206.3185104
138000000.0,0.6,349737498.47664714,257581667.62805063
139000000.0,0.6,351255899.9512576,260192807.88889405
140000000.0,0.6,352769938.161145,262813603.930053
141000000.0,0.6,354279656.6774259,265444032.76556137
142000000.0,0.6,355785098.33061457,268084071.59211808
143000000.0,0.6,357286305.22833085,270733697.7867677
144000000.0,0.6,358783318.77246475,273392888.90461814
145000000.0,0.6,360276179.67581666,276061622.6765945
146000000.0,0.6,361764927.9782333,278739877.0072288
147000000.0,0.6,363249603.0622587,281427629.97248495
148000000.0,0.6,364730243.6683166,284124859.81761867
149000000.0,0.6,366206887.9094423,286831544.9550707
150000000.0,0.6,367679573.2855804,289547663.96239454
151000000.0,0.6,369148336.697463,292273195.58021635
152000000.0,0.6,370613214.46008456,295008118.7102273
153000000.0,0.6,372074242.3157872,297752412.4132087
154000000.0,0.6,373531455.44696987,300506055.90708727
155000000.0,0.6,374984888.4884349,303269028.5650217
156000000.0,0.6,376434575.539385,306041309.91352004
157000000.0,0.6,377880550.1750813,308822879.6305852
158000000.0,0.6,379322845.45817626,311613717.5438918
159000000.0,0.6,380761493.94973063,314413803.62899005
160000000.0,0.6,382196527.7199259,317223118.0075385
161000000.0,0.6,383627978.3584829,320041640.9455644
162000000.0,0.6,385055876.9847959,322869352.8517514
163000000.0,0.6,386480254.2577915,325706234.2757538
164000000.0,0.6,387901140.3855219,328552265.90653706
165000000.0,0.6,389318565.13450116,331407428.57074416
166000000.0,0.6,390732557.8387933,334271703.2310877
167000000.0,0.6,392143147.408858,337145070.98476565
168000000.0,0.6,393550362.34016615,340027513.06190354
169000000.0,0.6,394954230.7215876,342919010.8240185
170000000.0,0.6,396354780.2435621,345819545.762508
171000000.0,0.6,397752038.2060591,348729099.49716234
172000000.0,0.6,399146031.526332,351647653.7746985
173000000.0,0.6,400536786.746475,354575190.467317
174000000.0,0.6,401924330.04078805,357511691.571281
175000000.0,0.6,403308687.2229552,360457139.2055163
176000000.0,0.6,404689883.7530434,363411515.610233
177000000.0,0.6,406067944.7443254,366374803.1455676
178000000.0,0.6,407442894.96993476,369346984.29024583
179000000.0,0.6,408814758.86935514,372328041.6402652
180000000.0,0.6,410183560.55475116,375317957.9075973
181000000.0,0.6,411549323.8171442,378316715.91890985
182000000.0,0.6,412912072.1324384,381324298.61430687
183000000.0,0.6,414271828.667301,384340689.0460885
184000000.0,0.6,415628616.2849016,387365870.3775283
185000000.0,0.6,416982457.55051476,390399825.88166946
186000000.0,0.6,418333374.7369881,393442538.9401373
187000000.0,0.6,419681389.8300828,396493993.0419707
188000000.0,0.6,421026524.5336875,399554171.78246945
189000000.0,0.6,422368800.27491087,402623058.8620588
190000000.0,0.6,423708238.2090558,405700638.0851709
191000000.0,0.6,425044859.2244772,408786893.35914093
192000000.0,0.6,426378683.94733053,411881808.69312125
193000000.0,0.6,427709732.7462089,414985368.1970092
194000000.0,0.6,429038025.7366766,418097556.08039135
195000000.0,0.6,430363582.7856988,421218356.65150267
196000000.0,0.6,431686423.5159716,424347754.3162001
197000000.0,0.6,433006567.3101556,427485733.57695115
198000000.0,0.6,434324033.3150139,430632279.0318363
199000000.0,0.6,435638840.44545925,433787375.37356603
200000000.0,0.6,436951007.3885113,436951007.3885113
201000000.0,0.6,438260552.60716677,438260552.60716677
202000000.0,0.6,439567494.3441856,439567494.3441856
203000000.0,0.6,440871850.6257939,440871850.6257939
204000000.0,0.6,442173639.26530707,442173639.26530707
205000000.0,0.6,443472877.8666753,443472877.8666753
206000000.0,0.6,444769583.82795256,444769583.82795256
207000000.0,0.6,446063774.3446909,446063774.3446909
208000000.0,0.6,447355466.4132646,447355466.4132646
209000000.0,0.6,448644676.8341217,448644676.8341217
210000000.0,0.6,449931422.2149694,449931422.2149694
211000000.0,0.6,451215718.9738908,451215718.9738908
212000000.0,0.6,452497583.3423982,452497583.3423982
213000000.0,0.6,453777031.36842185,453777031.36842185
214000000.0,0.6,455054078.91923875,455054078.91923875
215000000.0,0.6,456328741.68433875,456328741.68433875
216000000.0,0.6,457601035.1782348,457601035.1782348
217000000.0,0.6,458870974.743214,458870974.743214
218000000.0,0.6,460138575.5520338,460138575.5520338
219000000.0,0.6,461403852.6105634,461403852.6105634
220000000.0,0.6,462666820.7603729,462666820.7603729
221000000.0,0.6,463927494.6812698,463927494.6812698
222000000.0,0.6,465185888.8937857,465185888.8937857
223000000.0,0.6,466442017.76161283,466442017.76161283
224000000.0,0.6,467695895.4939943,467695895.4939943
225000000.0,0.6,468947536.14806527,468947536.14806527
226000000.0,0.6,470196953.6311503,470196953.6311503
227000000.0,0.6,471444161.7030145,471444161.7030145
228000000.0,0.6,472689173.97807246,472689173.97807246
229000000.0,0.6,473932003.92755306,473932003.92755306
230000000.0,0.6,475172664.88162434,475172664.88162434
231000000.0,0.6,476411170.03147644,476411170.03147644
232000000.0,0.6,477647532.4313654,477647532.4313654
233000000.0,0.6,478881765.00061846,478881765.00061846
234000000.0,0.6,480113880.52560157,480113880.52560157
235000000.0,0.6,481343891.6616492,481343891.6616492
236000000.0,0.6,482571810.93495846,482571810.93495846
237000000.0,0.6,483797650.7444484,483797650.7444484
238000000.0,0.6,485021423.3635845,485021423.3635845
239000000.0,0.6,486243140.9421686,486243140.9421686
240000000.0,0.6,487462815.50809765,487462815.50809765
241000000.0,0.6,488680458.96908855,488680458.96908855
242000000.0,0.6,489896083.1143728,489896083.1143728
243000000.0,0.6,491109699.61635923,491109699.61635923
244000000.0,0.6,492321320.03226787,492321320.03226787
245000000.0,0.6,493530955.80573297,493530955.80573297
246000000.0,0.6,494738618.268379,494738618.268379
247000000.0,0.6,495944318.6413664,495944318.6413664
248000000.0,0.6,497148068.03691214,497148068.03691214
249000000.0,0.6,498349877.45978075,498349877.45978075
250000000.0,0.6,499549757.8087518,499549757.8087518
251000000.0,0.6,500747719.8780588,500747719.8780588
252000000.0,0.6,501943774.3588055,501943774.3588055
253000000.0,0.6,503137931.8403551,503137931.8403551
254000000.0,0.6,504330202.8116973,504330202.8116973
255000000.0,0.6,505520597.6627903,505520597.6627903
256000000.0,0.6,506709126.6858807,506709126.6858807
257000000.0,0.6,507895800.0767998,507895800.0767998
258000000.0,0.6,509080627.9362381,509080627.9362381
259000000.0,0.6,510263620.27099866,510263620.27099866
260000000.0,0.6,511444786.9952282,511444786.9952282
261000000.0,0.6,512624137.93162763,512624137.93162763
262000000.0,0.6,513801682.81264335,513801682.81264335
263000000.0,0.6,514977431.28163666,514977431.28163666
264000000.0,0.6,516151392.8940347,516151392.8940347
265000000.0,0.6,517323577.1184626,517323577.1184626
266000000.0,0.6,518493993.3378561,518493993.3378561
267000000.0,0.6,519662650.85055566,519662650.85055566
268000000.0,0.6,520829558.87138295,520829558.87138295
269000000.0,0.6,521994726.5327006,521994726.5327006
270000000.0,0.6,523158162.8854524,523158162.8854524
271000000.0,0.6,524319876.9001883,524319876.9001883
272000000.0,0.6,525479877.4680729,525479877.4680729
273000000.0,0.6,526638173.40187573,526638173.40187573
274000000.0,0.6,527794773.43694836,527794773.43694836
275000000.0,0.6,528949686.23218334,528949686.23218334
276000000.0,0.6,530102920.3709592,530102920.3709592
277000000.0,0.6,531254484.3620699,531254484.3620699
278000000.0,0.6,532404386.6406401,532404386.6406401
279000000.0,0.6,533552635.56902486,533552635.56902486
280000000.0,0.6,534699239.43769604,534699239.43769604
281000000.0,0.6,535844206.4661151,535844206.4661151
282000000.0,0.6,536987544.8035905,536987544.8035905
283000000.0,0.6,538129262.5301243,538129262.5301243
284000000.0,0.6,539269367.6572434,539269367.6572434
285000000.0,0.6,540407868.1288185,540407868.1288185
286000000.0,0.6,541544771.8218716,541544771.8218716
287000000.0,0.6,542680086.5473696,542680086.5473696
288000000.0,0.6,543813820.051006,543813820.051006
289000000.0,0.6,544945980.0139714,544945980.0139714
290000000.0,0.6,546076574.0537121,546076574.0537121
291000000.0,0.6,547205609.7246759,547205609.7246759
292000000.0,0.6,548333094.5190492,548333094.5190492
293000000.0,0.6,549459035.8674798,549459035.8674798
294000000.0,0.6,550583441.1397917,550583441.1397917
295000000.0,0.6,551706317.6456877,551706317.6456877
296000000.0,0.6,552827672.6354418,552827672.6354418
297000000.0,0.6,553947513.3005809,553947513.3005809
298000000.0,0.6,555065846.7745582,555065846.7745582
299000000.0,0.6,556182680.1334138,556182680.1334138
300000000.0,0.6,557298020.3964281,557298020.3964281
301000000.0,0.6,558411874.5267648,558411874.5267648
302000000.0,0.6,559524249.432103,559524249.432103
303000000.0,0.6,560635151.965263,560635151.965263
304000000.0,0.6,561744588.9248211,561744588.9248211
305000000.0,0.6,562852567.0557152,562852567.0557152
306000000.0,0.6,563959093.0498428,563959093.0498428
307000000.0,0.6,565064173.5466503,565064173.5466503
308000000.0,0.6,566167815.1337129,566167815.1337129
309000000.0,0.6,567270024.3473072,567270024.3473072
310000000.0,0.6,568370807.6729752,568370807.6729752
311000000.0,0.6,569470171.5460802,569470171.5460802
312000000.0,0.6,570568122.3523557,570568122.3523557
313000000.0,0.6,571664666.4284449,571664666.4284449
314000000.0,0.6,572759810.0624343,572759810.0624343
315000000.0,0.6,573853559.4943793,573853559.4943793
316000000.0,0.6,574945920.9168212,574945920.9168212
317000000.0,0.6,576036900.4752997,576036900.4752997
318000000.0,0.6,577126504.2688553,577126504.2688553
319000000.0,0.6,578214738.350527,578214738.350527
320000000.0,0.6,579301608.7278421,579301608.7278421
321000000.0,0.6,580387121.3632993,580387121.3632993
322000000.0,0.6,581471282.1748451,581471282.1748451
323000000.0,0.6,582554097.0363445,582554097.0363445
324000000.0,0.6,583635571.778045,583635571.778045
325000000.0,0.6,584715712.1870329,584715712.1870329
326000000.0,0.6,585794524.0076853,585794524.0076853
327000000.0,0.6,586872012.9421153,586872012.9421153
328000000.0,0.6,587948184.650611,587948184.650611
329000000.0,0.6,589023044.7520689,589023044.7520689
330000000.0,0.6,590096598.8244209,590096598.8244209
331000000.0,0.6,591168852.4050571,591168852.4050571
332000000.0,0.6,592239810.9912413,592239810.9912413
333000000.0,0.6,593309480.0405213,593309480.0405213
334000000.0,0.6,594377864.9711351,594377864.9711351
335000000.0,0.6,595444971.1624106,595444971.1624106
336000000.0,0.6,596510803.9551598,596510803.9551598
337000000.0,0.6,597575368.6520681,597575368.6520681
338000000.0,0.6,598638670.5180804,598638670.5180804
339000000.0,0.6,599700714.7807779,599700714.7807779
340000000.0,0.6,600761506.6307553,600761506.6307553
341000000.0,0.6,601821051.2219886,601821051.2219886
342000000.0,0.6,602879353.6722007,602879353.6722007
343000000.0,0.6,603936419.0632213,603936419.0632213
344000000.0,0.6,604992252.4413431,604992252.4413431
345000000.0,0.6,606046858.817672,606046858.817672
346000000.0,0.6,607100243.1684747,607100243.1684747
347000000.0,0.6,608152410.4355195,608152410.4355195
348000000.0,0.6,609203365.5264153,609203365.5264153
349000000.0,0.6,610253113.3149449,610253113.3149449
350000000.0,0.6,611301658.6413939,611301658.6413939
351000000.0,0.6,612349006.3128761,612349006.3128761
352000000.0,0.6,613395161.1036551,613395161.1036551
353000000.0,0.6,614440127.7554607,614440127.7554607
354000000.0,0.6,615483910.9778029,615483910.9778029
355000000.0,0.6,616526515.4482805,616526515.4482805
356000000.0,0.6,617567945.8128862,617567945.8128862
357000000.0,0.6,618608206.68631,618608206.68631
358000000.0,0.6,619647302.6522353,619647302.6522353
359000000.0,0.6,620685238.263634,620685238.263634
360000000.0,0.6,621722018.0430574,621722018.0430574
361000000.0,0.6,622757646.4829229,622757646.4829229
362000000.0,0.6,623792128.0457978,623792128.0457978
363000000.0,0.6,624825467.1646799,624825467.1646799
364000000.0,0.6,625857668.2432734,625857668.2432734
365000000.0,0.6,626888735.6562632,626888735.6562632
366000000.0,0.6,627918673.7495853,627918673.7495853
367000000.0,0.6,628947486.8406923,628947486.8406923
368000000.0,0.6,629975179.2188188,629975179.2188188
369000000.0,0.6,631001755.1452409,631001755.1452409
370000000.0,0.6,632027218.8535341,632027218.8535341
371000000.0,0.6,633051574.5498273,633051574.5498273
372000000.0,0.6,634074826.4130554,634074826.4130554
373000000.0,0.6,635096978.5952054,635096978.5952054
374000000.0,0.6,636118035.2215648,636118035.2215648
375000000.0,0.6,637138000.390962,637138000.390962
376000000.0,0.6,638156878.1760067,638156878.1760067
377000000.0,0.6,639174672.623327,639174672.623327
378000000.0,0.6,640191387.7538041,640191387.7538041
379000000.0,0.6,641207027.5628024,641207027.5628024
380000000.0,0.6,642221596.0203999,642221596.0203999
381000000.0,0.6,643235097.0716127,643235097.0716127
382000000.0,0.6,644247534.6366202,644247534.6366202
383000000.0,0.6,645258912.6109844,645258912.6109844
384000000.0,0.6,646269234.86587,646269234.86587
385000000.0,0.6,647278505.2482587,647278505.2482587
386000000.0,0.6,648286727.5811638,648286727.5811638
387000000.0,0.6,649293905.6638405,649293905.6638405
388000000.0,0.6,650300043.2719953,650300043.2719953
389000000.0,0.6,651305144.1579912,651305144.1579912
390000000.0,0.6,652309212.0510529,652309212.0510529
391000000.0,0.6,653312250.6574668,653312250.6574668
392000000.0,0.6,654314263.6607821,654314263.6607821
393000000.0,0.6,655315254.7220067,655315254.7220067
394000000.0,0.6,656315227.4798025,656315227.4798025
395000000.0,0.6,657314185.5506785,657314185.5506785
396000000.0,0.6,658312132.5291805,658312132.5291805
397000000.0,0.6,659309071.9880806,659309071.9880806
398000000.0,0.6,660305007.4785626,660305007.4785626
399000000.0,0.6,661299942.5304072,661299942.5304072
400000000.0,0.6,662293880.6521739,662293880.6521739
401000000.0,0.6,663286825.331381,663286825.331381
402000000.0,0.6,664278780.0346845,664278780.0346845
403000000.0,0.6,665269748.2080542,665269748.2080542
404000000.0,0.6,666259733.2769479,666259733.2769479
405000000.0,0.6,667248738.6464843,667248738.6464843
406000000.0,0.6,668236767.7016133,668236767.7016133
407000000.0,0.6,669223823.8072857,669223823.8072857
408000000.0,0.6,670209910.3086184,670209910.3086184
409000000.0,0.6,671195030.5310621,671195030.5310621
410000000.0,0.6,672179187.7805623,672179187.7805623
411000000.0,0.6,673162385.3437222,673162385.3437222
412000000.0,0.6,674144626.487963,674144626.487963
413000000.0,0.6,675125914.4616807,675125914.4616807
414000000.0,0.6,676106252.4944038,676106252.4944038
415000000.0,0.6,677085643.7969487,677085643.7969487
416000000.0,0.6,678064091.561571,678064091.561571
417000000.0,0.6,679041598.962119,679041598.962119
418000000.0,0.6,680018169.1541821,680018169.1541821
419000000.0,0.6,680993805.2752413,680993805.2752413
420000000.0,0.6,681968510.4448138,681968510.4448138
421000000.0,0.6,682942287.7645999,682942287.7645999
422000000.0,0.6,683915140.3186265,683915140.3186265
423000000.0,0.6,684887071.1733891,684887071.1733891
424000000.0,0.6,685858083.3779925,685858083.3779925
425000000.0,0.6,686828179.964291,686828179.964291
426000000.0,0.6,687797363.9470257,687797363.9470257
427000000.0,0.6,688765638.323961,688765638.323961
428000000.0,0.6,689733006.0760202,689733006.0760202
429000000.0,0.6,690699470.1674185,690699470.1674185
430000000.0,0.6,691665033.5457962,691665033.5457962
431000000.0,0.6,692629699.142349,692629699.142349
432000000.0,0.6,693593469.8719579,693593469.8719579
433000000.0,0.6,694556348.6333176,694556348.6333176
434000000.0,0.6,695518338.3090639,695518338.3090639
435000000.0,0.6,696479441.7658983,696479441.7658983
436000000.0,0.6,697439661.854714,697439661.854714
437000000.0,0.6,698399001.4107177,698399001.4107177
438000000.0,0.6,699357463.2535529,699357463.2535529
439000000.0,0.6,700315050.1874195,700315050.1874195
440000000.0,0.6,701271765.0011941,701271765.0011941
441000000.0,0.6,702227610.4685484,702227610.4685484
442000000.0,0.6,703182589.3480654,703182589.3480654
443000000.0,0.6,704136704.3833566,704136704.3833566
444000000.0,0.6,705089958.3031764,705089958.3031764
445000000.0,0.6,706042353.8215355,706042353.8215355
446000000.0,0.6,706993893.6378139,706993893.6378139
447000000.0,0.6,707944580.4368727,707944580.4368727
448000000.0,0.6,708894416.8891629,708894416.8891629
449000000.0,0.6,709843405.6508372,709843405.6508372
450000000.0,0.6,710791549.3638562,710791549.3638562
451000000.0,0.6,711738850.6560963,711738850.6560963
452000000.0,0.6,712685312.1414559,712685312.1414559
453000000.0,0.6,713630936.4199604,713630936.4199604
454000000.0,0.6,714575726.0778662,714575726.0778662
455000000.0,0.6,715519683.6877638,715519683.6877638
456000000.0,0.6,716462811.8086802,716462811.8086802
457000000.0,0.6,717405112.9861796,717405112.9861796
458000000.0,0.6,718346589.7524633,718346589.7524633
459000000.0,0.6,719287244.6264697,719287244.6264697
460000000.0,0.6,720227080.1139717,720227080.1139717
461000000.0,0.6,721166098.7076743,721166098.7076743
462000000.0,0.6,722104302.8873109,722104302.8873109
463000000.0,0.6,723041695.1197386,723041695.1197386
464000000.0,0.6,723978277.859033,723978277.859033
465000000.0,0.6,724914053.5465816,724914053.5465816
466000000.0,0.6,725849024.6111767,725849024.6111767
467000000.0,0.6,726783193.4691069,726783193.4691069
468000000.0,0.6,727716562.5242485,727716562.5242485
469000000.0,0.6,728649134.1681551,728649134.1681551
470000000.0,0.6,729580910.780148,729580910.780148
471000000.0,0.6,730511894.7274032,730511894.7274032
472000000.0,0.6,731442088.3650402,731442088.3650402
473000000.0,0.6,732371494.0362082,732371494.0362082
474000000.0,0.6,733300114.0721722,733300114.0721722
475000000.0,0.6,734227950.7923983,734227950.7923983
476000000.0,0.6,735155006.5046383,735155006.5046383
477000000.0,0.6,736081283.5050132,736081283.5050132
478000000.0,0.6,737006784.0780954,737006784.0780954
479000000.0,0.6,737931510.496992,737931510.496992
480000000.0,0.6,738855465.0234253,738855465.0234253
481000000.0,0.6,739778649.907814,739778649.907814
482000000.0,0.6,740701067.3893526,740701067.3893526
483000000.0,0.6,741622719.6960901,741622719.6960901
484000000.0,0.6,742543609.0450097,742543609.0450097
485000000.0,0.6,743463737.642106,743463737.642106
486000000.0,0.6,744383107.682461,744383107.682461
487000000.0,0.6,745301721.350322,745301721.350322
488000000.0,0.6,746219580.8191757,746219580.8191757
489000000.0,0.6,747136688.2518247,747136688.2518247
490000000.0,0.6,748053045.8004606,748053045.8004606
491000000.0,0.6,748968655.6067375,748968655.6067375
492000000.0,0.6,749883519.8018458,749883519.8018458
493000000.0,0.6,750797640.506584,750797640.506584
494000000.0,0.6,751711019.8314307,751711019.8314307
495000000.0,0.6,752623659.8766146,752623659.8766146
496000000.0,0.6,753535562.7321862,753535562.7321862
497000000.0,0.6,754446730.4780865,754446730.4780865
498000000.0,0.6,755357165.1842165,755357165.1842165
499000000.0,0.6,756266868.9105064,756266868.9105064
500000000.0,0.6,757175843.7069823,757175843.7069823
501000000.0,0.6,758084091.6138338,758084091.6138338
502000000.0,0.6,758991614.661482,758991614.661482
503000000.0,0.6,759898414.8706437,759898414.8706437
504000000.0,0.6,760804494.2523986,760804494.2523986
505000000.0,0.6,761709854.8082532,761709854.8082532
506000000.0,0.6,762614498.5302057,762614498.5302057
507000000.0,0.6,763518427.4008099,763518427.4008099
508000000.0,0.6,764421643.3932384,764421643.3932384
509000000.0,0.6,765324148.4713453,765324148.4713453
510000000.0,0.6,766225944.5897288,766225944.5897288
511000000.0,0.6,767127033.6937922,767127033.6937922
512000000.0,0.6,768027417.7198054,768027417.7198054
513000000.0,0.6,768927098.5949662,768927098.5949662
514000000.0,0.6,769826078.2374585,769826078.2374585
515000000.0,0.6,770724358.5565149,770724358.5565149
516000000.0,0.6,771621941.4524722,771621941.4524722
517000000.0,0.6,772518828.8168336,772518828.8168336
518000000.0,0.6,773415022.5323236,773415022.5323236
519000000.0,0.6,774310524.4729478,774310524.4729478
520000000.0,0.6,775205336.504049,775205336.504049
521000000.0,0.6,776099460.4823638,776099460.4823638
522000000.0,0.6,776992898.2560794,776992898.2560794
523000000.0,0.6,777885651.6648884,777885651.6648884
524000000.0,0.6,778777722.5400443,778777722.5400443
525000000.0,0.6,779669112.7044173,779669112.7044173
526000000.0,0.6,780559823.9725467,780559823.9725467
527000000.0,0.6,781449858.1506958,781449858.1506958
528000000.0,0.6,782339217.0369058,782339217.0369058
529000000.0,0.6,783227902.4210471,783227902.4210471
530000000.0,0.6,784115916.0848733,784115916.0848733
531000000.0,0.6,785003259.802073,785003259.802073
532000000.0,0.6,785889935.3383205,785889935.3383205
533000000.0,0.6,786775944.4513279,786775944.4513279
534000000.0,0.6,787661288.8908958,787661288.8908958
535000000.0,0.6,788545970.3989633,788545970.3989633
536000000.0,0.6,789429990.7096578,789429990.7096578
537000000.0,0.6,790313351.5493455,790313351.5493455
538000000.0,0.6,791196054.6366793,791196054.6366793
539000000.0,0.6,792078101.6826481,792078101.6826481
540000000.0,0.6,792959494.3906255,792959494.3906255
541000000.0,0.6,793840234.4564171,793840234.4564171
542000000.0,0.6,794720323.5683081,794720323.5683081
543000000.0,0.6,795599763.407111,795599763.407111
544000000.0,0.6,796478555.6462121,796478555.6462121
545000000.0,0.6,797356701.9516171,797356701.9516171
546000000.0,0.6,798234203.9819988,798234203.9819988
547000000.0,0.6,799111063.3887409,799111063.3887409
548000000.0,0.6,799987281.8159848,799987281.8159848
549000000.0,0.6,800862860.9006737,800862860.9006737
550000000.0,0.6,801737802.2725973,801737802.2725973
551000000.0,0.6,802612107.5544361,802612107.5544361
552000000.0,0.6,803485778.3618051,803485778.3618051
553000000.0,0.6,804358816.3032978,804358816.3032978
554000000.0,0.6,805231222.9805286,805231222.9805286
555000000.0,0.6,806102999.9881761,806102999.9881761
556000000.0,0.6,806974148.9140255,806974148.9140255
557000000.0,0.6,807844671.3390107,807844671.3390107
558000000.0,0.6,808714568.8372561,808714568.8372561
559000000.0,0.6,809583842.976118,809583842.976118
560000000.0,0.6,810452495.316226,810452495.316226
561000000.0,0.6,811320527.4115236,811320527.4115236
562000000.0,0.6,812187940.8093088,812187940.8093088
563000000.0,0.6,813054737.0502741,813054737.0502741
564000000.0,0.6,813920917.6685469,813920917.6685469
565000000.0,0.6,814786484.1917282,814786484.1917282
566000000.0,0.6,815651438.1409327,815651438.1409327
567000000.0,0.6,816515781.0308276,816515781.0308276
568000000.0,0.6,817379514.3696705,817379514.3696705
569000000.0,0.6,818242639.6593487,818242639.6593487
570000000.0,0.6,819105158.3954169,819105158.3954169
571000000.0,0.6,819967072.0671346,819967072.0671346
572000000.0,0.6,820828382.1575043,820828382.1575043
573000000.0,0.6,821689090.1433082,821689090.1433082
574000000.0,0.6,822549197.4951447,822549197.4951447
575000000.0,0.6,823408705.6774662,823408705.6774662
576000000.0,0.6,824267616.1486142,824267616.1486142
577000000.0,0.6,825125930.3608562,825125930.3608562
578000000.0,0.6,825983649.7604208,825983649.7604208
579000000.0,0.6,826840775.7875339,826840775.7875339
580000000.0,0.6,827697309.8764535,827697309.8764535
581000000.0,0.6,828553253.4555049,828553253.4555049
582000000.0,0.6,829408607.9471148,829408607.9471148
583000000.0,0.6,830263374.7678468,830263374.7678468
584000000.0,0.6,831117555.3284348,831117555.3284348
585000000.0,0.6,831971151.033817,831971151.033817
586000000.0,0.6,832824163.2831701,832824163.2831701
587000000.0,0.6,833676593.469942,833676593.469942
588000000.0,0.6,834528442.981885,834528442.981885
589000000.0,0.6,835379713.2010899,835379713.2010899
590000000.0,0.6,836230405.5040169,836230405.5040169
591000000.0,0.6,837080521.2615294,837080521.2615294
592000000.0,0.6,837930061.8389261,837930061.8389261
593000000.0,0.6,838779028.5959715,838779028.5959715
594000000.0,0.6,839627422.8869298,839627422.8869298
595000000.0,0.6,840475246.0605942,840475246.0605942
596000000.0,0.6,841322499.46032,841322499.46032
597000000.0,0.6,842169184.4240546,842169184.4240546
598000000.0,0.6,843015302.284369,843015302.284369
599000000.0,0.6,843860854.3684866,843860854.3684866
600000000.0,0.6,844705841.998316,844705841.998316
